Player,Mat,Inns,Overs,Mdns,Runs,Wkts,BBI,Ave,Econ,SR,4,5,Ct,St,Year
Abhishek Sharma,3.0,0,0,0,0,0,0,0,0,0,0,0,1.0,0.0,2018
AD Nath,1.0,0,0,0,0,0,0,0,0,0,0,0,1.0,0.0,2018
MA Agarwal,11.0,0,0,0,0,0,0,0,0,0,0,0,2.0,0.0,2018
KK Ahmed,1.0,1.0,3.0,0.0,38.0,0.0,0,0,12.66,0,0.0,0.0,0.0,0.0,2018
MM Ali,5.0,5.0,13.1,0.0,97.0,3.0,1/13,32.33,7.36,26.3,0.0,0.0,2.0,0.0,2018
CJ Anderson,3.0,3.0,8.4,0.0,115.0,3.0,2/47,38.33,13.26,17.3,0.0,0.0,0.0,0.0,2018
Ankit Sharma,1.0,1.0,1.0,0.0,11.0,0.0,0,0,11.0,0,0.0,0.0,0.0,0.0,2018
Anureet Singh,3.0,3.0,4.0,0.0,42.0,1.0,1/20,42.0,10.5,24.0,0.0,0.0,1.0,0.0,2018
JC Archer,10.0,10.0,38.5,0.0,325.0,15.0,3/22,21.66,8.36,15.5,0.0,0.0,1.0,0.0,2018
M Ashwin,2.0,2.0,7.0,0.0,53.0,3.0,2/36,17.66,7.57,14.0,0.0,0.0,0.0,0.0,2018
R Ashwin,14.0,14.0,50.4,0.0,410.0,10.0,2/18,41.0,8.09,30.4,0.0,0.0,5.0,0.0,2018
KM Asif,2.0,2.0,6.0,0.0,75.0,3.0,2/43,25.0,12.5,12.0,0.0,0.0,0.0,0.0,2018
Avesh Khan,6.0,6.0,19.0,0.0,204.0,4.0,2/29,51.0,10.73,28.5,0.0,0.0,3.0,0.0,2018
Basil Thampi,4.0,4.0,10.1,0.0,114.0,5.0,2/4,22.8,11.21,12.2,0.0,0.0,2.0,0.0,2018
RK Bhui,1.0,0,0,0,0,0,0,0,0,0,0,0,0.0,0.0,2018
SW Billings,10.0,0,0,0,0,0,0,0,0,0,0,0,5.0,0.0,2018
STR Binny,7.0,1.0,2.0,0.0,33.0,0.0,0,0,16.5,0,0.0,0.0,1.0,0.0,2018
TA Boult,14.0,14.0,52.4,1.0,466.0,18.0,2/20,25.88,8.84,17.5,0.0,0.0,9.0,0.0,2018
CR Brathwaite,4.0,4.0,10.1,0.0,94.0,5.0,2/15,18.8,9.24,12.2,0.0,0.0,2.0,0.0,2018
DJ Bravo,16.0,16.0,53.3,1.0,533.0,14.0,2/16,38.07,9.96,22.9,0.0,0.0,9.0,0.0,2018
JJ Bumrah,14.0,14.0,54.0,0.0,372.0,17.0,3/15,21.88,6.88,19.0,0.0,0.0,4.0,0.0,2018
JC Buttler,13.0,0,0,0,0,0,0,0,0,0,0,0,9.0,1.0,2018
YS Chahal,14.0,14.0,50.0,1.0,363.0,12.0,2/22,30.25,7.26,25.0,0.0,0.0,2.0,0.0,2018
DL Chahar,12.0,12.0,38.1,1.0,278.0,10.0,3/15,27.8,7.28,22.9,0.0,0.0,1.0,0.0,2018
PP Chawla,15.0,15.0,49.0,0.0,412.0,14.0,3/48,29.42,8.4,21.0,0.0,0.0,4.0,0.0,2018
P Chopra,1.0,0,0,0,0,0,0,0,0,0,0,0,0.0,0.0,2018
DT Christian,4.0,4.0,11.5,0.0,101.0,4.0,2/35,25.25,8.53,17.7,0.0,0.0,0.0,0.0,2018
TK Curran,5.0,5.0,10.1,0.0,118.0,6.0,2/19,19.66,11.6,10.1,0.0,0.0,1.0,0.0,2018
BCJ Cutting,9.0,7.0,17.0,0.0,168.0,2.0,1/12,84.0,9.88,51.0,0.0,0.0,7.0,0.0,2018
CJ Dala,1.0,1.0,3.0,0.0,34.0,0.0,0,0,11.33,0,0.0,0.0,0.0,0.0,2018
A Dananjaya,1.0,1.0,4.0,0.0,47.0,0.0,0,0,11.75,0,0.0,0.0,0.0,0.0,2018
C de Grandhomme,9.0,7.0,15.0,0.0,129.0,2.0,1/8,64.5,8.6,45.0,0.0,0.0,3.0,0.0,2018
Q de Kock,8.0,0,0,0,0,0,0,0,0,0,0,0,7.0,3.0,2018
AB de Villiers,12.0,0,0,0,0,0,0,0,0,0,0,0,6.0,0.0,2018
S Dhawan,16.0,0,0,0,0,0,0,0,0,0,0,0,12.0,0.0,2018
MS Dhoni,16.0,0,0,0,0,0,0,0,0,0,0,0,11.0,3.0,2018
JP Duminy,6.0,2.0,3.0,0.0,36.0,0.0,0,0,12.0,0,0.0,0.0,2.0,0.0,2018
F du Plessis,6.0,0,0,0,0,0,0,0,0,0,0,0,1.0,0.0,2018
AJ Finch,10.0,0,0,0,0,0,0,0,0,0,0,0,4.0,0.0,2018
G Gambhir,6.0,0,0,0,0,0,0,0,0,0,0,0,1.0,0.0,2018
CH Gayle,11.0,0,0,0,0,0,0,0,0,0,0,0,2.0,0.0,2018
S Gopal,11.0,10.0,31.0,0.0,236.0,11.0,4/16,21.45,7.61,16.9,1.0,0.0,3.0,0.0,2018
SP Goswami,6.0,0,0,0,0,0,0,0,0,0,0,0,5.0,0.0,2018
K Gowtham,15.0,15.0,40.0,0.0,312.0,11.0,2/12,28.36,7.8,21.8,0.0,0.0,10.0,0.0,2018
AD Hales,6.0,0,0,0,0,0,0,0,0,0,0,0,2.0,0.0,2018
Harbhajan Singh,13.0,12.0,31.5,0.0,270.0,7.0,2/22,38.57,8.48,27.2,0.0,0.0,4.0,0.0,2018
DJ Hooda,9.0,2.0,3.0,0.0,24.0,0.0,0,0,8.0,0,0.0,0.0,3.0,0.0,2018
Imran Tahir,6.0,6.0,20.4,0.0,188.0,6.0,2/34,31.33,9.09,20.6,0.0,0.0,2.0,0.0,2018
Ishan Kishan,14.0,0,0,0,0,0,0,0,0,0,0,0,9.0,2.0,2018
SS Iyer,14.0,0,0,0,0,0,0,0,0,0,0,0,5.0,0.0,2018
RA Jadeja,16.0,14.0,41.0,0.0,303.0,11.0,3/18,27.54,7.39,22.3,0.0,0.0,11.0,0.0,2018
KM Jadhav,1.0,0,0,0,0,0,0,0,0,0,0,0,0.0,0.0,2018
MG Johnson,6.0,6.0,21.0,0.0,216.0,2.0,1/30,108.0,10.28,63.0,0.0,0.0,2.0,0.0,2018
CJ Jordan,1.0,1.0,4.0,0.0,31.0,0.0,0,0,7.75,0,0.0,0.0,0.0,0.0,2018
KD Karthik,16.0,0,0,0,0,0,0,0,0,0,0,0,14.0,4.0,2018
S Kaul,17.0,17.0,66.0,0.0,547.0,21.0,3/23,26.04,8.28,18.8,0.0,0.0,2.0,0.0,2018
SN Khan,7.0,0,0,0,0,0,0,0,0,0,0,0,2.0,0.0,2018
K Khejroliya,3.0,3.0,10.5,0.0,107.0,2.0,2/33,53.5,9.87,32.5,0.0,0.0,0.0,0.0,2018
H Klaasen,4.0,0,0,0,0,0,0,0,0,0,0,0,3.0,4.0,2018
V Kohli,14.0,0,0,0,0,0,0,0,0,0,0,0,8.0,0.0,2018
Kuldeep Yadav,16.0,16.0,51.2,0.0,418.0,17.0,4/20,24.58,8.14,18.1,1.0,0.0,6.0,0.0,2018
DS Kulkarni,8.0,8.0,19.5,0.0,188.0,4.0,2/32,47.0,9.47,29.7,0.0,0.0,1.0,0.0,2018
B Kumar,12.0,12.0,46.1,1.0,354.0,9.0,3/26,39.33,7.66,30.7,0.0,0.0,2.0,0.0,2018
S Lamichhane,3.0,3.0,12.0,0.0,82.0,5.0,3/36,16.4,6.83,14.4,0.0,0.0,0.0,0.0,2018
B Laughlin,7.0,7.0,20.5,0.0,211.0,9.0,2/15,23.44,10.12,13.8,0.0,0.0,1.0,0.0,2018
E Lewis,13.0,0,0,0,0,0,0,0,0,0,0,0,3.0,0.0,2018
MK Lomror,2.0,2.0,3.0,0.0,27.0,0.0,0,0,9.0,0,0.0,0.0,0.0,0.0,2018
CA Lynn,16.0,0,0,0,0,0,0,0,0,0,0,0,3.0,0.0,2018
MJ McClenaghan,11.0,11.0,40.0,0.0,332.0,14.0,2/22,23.71,8.3,17.1,0.0,0.0,0.0,0.0,2018
BB McCullum,6.0,0,0,0,0,0,0,0,0,0,0,0,1.0,0.0,2018
Mandeep Singh,14.0,0,0,0,0,0,0,0,0,0,0,0,4.0,0.0,2018
M Markande,14.0,14.0,44.0,0.0,368.0,15.0,4/23,24.53,8.36,17.6,1.0,0.0,3.0,0.0,2018
GJ Maxwell,12.0,10.0,16.0,0.0,132.0,5.0,2/22,26.4,8.25,19.2,0.0,0.0,4.0,0.0,2018
DA Miller,3.0,0,0,0,0,0,0,0,0,0,0,0,0.0,0.0,2018
A Mishra,10.0,10.0,37.0,1.0,264.0,12.0,3/19,22.0,7.13,18.5,0.0,0.0,0.0,0.0,2018
Mohammad Nabi,2.0,2.0,5.0,0.0,47.0,1.0,1/23,47.0,9.4,30.0,0.0,0.0,0.0,0.0,2018
Mohammed Shami,4.0,4.0,13.5,0.0,144.0,3.0,1/29,48.0,10.4,27.6,0.0,0.0,2.0,0.0,2018
Mohammed Siraj,11.0,11.0,41.0,0.0,367.0,11.0,3/25,33.36,8.95,22.3,0.0,0.0,5.0,0.0,2018
CH Morris,4.0,4.0,14.0,0.0,143.0,3.0,2/41,47.66,10.21,28.0,0.0,0.0,2.0,0.0,2018
Mujeeb Ur Rahman,11.0,11.0,41.2,0.0,289.0,14.0,3/27,20.64,6.99,17.7,0.0,0.0,1.0,0.0,2018
C Munro,5.0,0,0,0,0,0,0,0,0,0,0,0,2.0,0.0,2018
Mustafizur Rahman,7.0,7.0,27.3,0.0,230.0,7.0,3/24,32.85,8.36,23.5,0.0,0.0,2.0,0.0,2018
S Nadeem,6.0,6.0,15.0,0.0,161.0,3.0,2/34,53.66,10.73,30.0,0.0,0.0,1.0,0.0,2018
KK Nair,13.0,0,0,0,0,0,0,0,0,0,0,0,9.0,0.0,2018
SP Narine,16.0,16.0,61.0,0.0,467.0,17.0,3/18,27.47,7.65,21.5,0.0,0.0,1.0,0.0,2018
P Negi,2.0,2.0,4.0,0.0,49.0,1.0,1/36,49.0,12.25,24.0,0.0,0.0,0.0,0.0,2018
L Ngidi,7.0,7.0,26.0,2.0,156.0,11.0,4/10,14.18,6.0,14.1,1.0,0.0,1.0,0.0,2018
NV Ojha,1.0,0,0,0,0,0,0,0,0,0,0,0,0.0,0.0,2018
MK Pandey,15.0,0,0,0,0,0,0,0,0,0,0,0,9.0,0.0,2018
HH Pandya,13.0,13.0,42.4,0.0,381.0,18.0,3/24,21.16,8.92,14.2,0.0,0.0,8.0,0.0,2018
KH Pandya,14.0,13.0,40.1,0.0,284.0,12.0,3/28,23.66,7.07,20.0,0.0,0.0,9.0,0.0,2018
RR Pant,14.0,0,0,0,0,0,0,0,0,0,0,0,4.0,2.0,2018
AR Patel,9.0,8.0,26.0,0.0,218.0,3.0,1/21,72.66,8.38,52.0,0.0,0.0,2.0,0.0,2018
HV Patel,5.0,5.0,17.3,0.0,167.0,7.0,3/28,23.85,9.54,15.0,0.0,0.0,0.0,0.0,2018
PA Patel,6.0,0,0,0,0,0,0,0,0,0,0,0,3.0,0.0,2018
YK Pathan,15.0,1.0,2.0,0.0,14.0,1.0,1/14,14.0,7.0,12.0,0.0,0.0,3.0,0.0,2018
LE Plunkett,7.0,7.0,25.0,0.0,225.0,4.0,3/17,56.25,9.0,37.5,0.0,0.0,2.0,0.0,2018
KA Pollard,9.0,0,0,0,0,0,0,0,0,0,0,0,4.0,0.0,2018
M Prasidh Krishna,7.0,7.0,28.0,0.0,260.0,10.0,4/30,26.0,9.28,16.8,1.0,0.0,1.0,0.0,2018
AM Rahane,15.0,0,0,0,0,0,0,0,0,0,0,0,4.0,0.0,2018
KL Rahul,14.0,0,0,0,0,0,0,0,0,0,0,0,10.0,1.0,2018
SK Raina,15.0,0,0,0,0,0,0,0,0,0,0,0,9.0,0.0,2018
AS Rajpoot,8.0,8.0,26.1,1.0,223.0,11.0,5/14,20.27,8.52,14.2,0.0,1.0,2.0,0.0,2018
N Rana,15.0,5.0,6.1,0.0,44.0,4.0,2/11,11.0,7.13,9.2,0.0,0.0,2.0,0.0,2018
Rashid Khan,17.0,17.0,68.0,2.0,458.0,21.0,3/19,21.8,6.73,19.4,0.0,0.0,6.0,0.0,2018
AT Rayudu,16.0,0,0,0,0,0,0,0,0,0,0,0,2.0,0.0,2018
JJ Roy,5.0,0,0,0,0,0,0,0,0,0,0,0,4.0,0.0,2018
AD Russell,16.0,15.0,37.5,0.0,355.0,13.0,3/31,27.3,9.38,17.4,0.0,0.0,8.0,0.0,2018
WP Saha,11.0,0,0,0,0,0,0,0,0,0,0,0,5.0,1.0,2018
SV Samson,15.0,0,0,0,0,0,0,0,0,0,0,0,5.0,0.0,2018
Sandeep Sharma,12.0,12.0,44.0,0.0,333.0,12.0,2/17,27.75,7.56,22.0,0.0,0.0,2.0,0.0,2018
PJ Sangwan,1.0,1.0,2.0,0.0,19.0,0.0,0,0,9.5,0,0.0,0.0,0.0,0.0,2018
JPR Scantlebury-Searles,4.0,3.0,7.0,0.0,89.0,2.0,1/24,44.5,12.71,21.0,0.0,0.0,4.0,0.0,2018
V Shankar,13.0,4.0,5.0,0.0,58.0,1.0,1/22,58.0,11.6,30.0,0.0,0.0,6.0,0.0,2018
Shakib Al Hasan,17.0,17.0,57.0,0.0,456.0,14.0,2/18,32.57,8.0,24.4,0.0,0.0,3.0,0.0,2018
KV Sharma,6.0,5.0,9.3,0.0,89.0,4.0,2/13,22.25,9.36,14.2,0.0,0.0,3.0,0.0,2018
MM Sharma,9.0,9.0,29.4,0.0,322.0,7.0,2/33,46.0,10.85,25.4,0.0,0.0,2.0,0.0,2018
RG Sharma,14.0,0,0,0,0,0,0,0,0,0,0,0,8.0,0.0,2018
PP Shaw,9.0,0,0,0,0,0,0,0,0,0,0,0,4.0,0.0,2018
Shivam Mavi,9.0,9.0,28.0,0.0,270.0,5.0,1/14,54.0,9.64,33.6,0.0,0.0,3.0,0.0,2018
DR Shorey,1.0,0,0,0,0,0,0,0,0,0,0,0,0.0,0.0,2018
DJM Short,7.0,2.0,3.0,0.0,19.0,1.0,1/10,19.0,6.33,18.0,0.0,0.0,2.0,0.0,2018
Shubman Gill,13.0,0,0,0,0,0,0,0,0,0,0,0,3.0,0.0,2018
RK Singh,4.0,0,0,0,0,0,0,0,0,0,0,0,4.0,0.0,2018
IS Sodhi,6.0,6.0,23.0,0.0,135.0,5.0,1/14,27.0,5.86,27.6,0.0,0.0,0.0,0.0,2018
TG Southee,8.0,8.0,29.0,0.0,261.0,5.0,3/30,52.2,9.0,34.8,0.0,0.0,3.0,0.0,2018
BB Sran,6.0,6.0,22.0,0.0,229.0,4.0,2/50,57.25,10.4,33.0,0.0,0.0,2.0,0.0,2018
B Stanlake,4.0,4.0,16.0,0.0,130.0,5.0,2/21,26.0,8.12,19.2,0.0,0.0,0.0,0.0,2018
MP Stoinis,7.0,6.0,11.0,0.0,120.0,3.0,1/15,40.0,10.9,22.0,0.0,0.0,2.0,0.0,2018
BA Stokes,13.0,12.0,37.0,1.0,303.0,8.0,3/15,37.87,8.18,27.7,0.0,0.0,6.0,0.0,2018
R Tewatia,8.0,8.0,22.0,0.0,173.0,6.0,3/18,28.83,7.86,22.0,0.0,0.0,2.0,0.0,2018
SN Thakur,13.0,13.0,46.4,1.0,431.0,16.0,2/18,26.93,9.23,17.5,0.0,0.0,4.0,0.0,2018
MK Tiwary,5.0,1.0,1.0,0.0,10.0,0.0,0,0,10.0,0,0.0,0.0,4.0,0.0,2018
RA Tripathi,12.0,0,0,0,0,0,0,0,0,0,0,0,4.0,0.0,2018
AJ Tye,14.0,14.0,56.0,0.0,448.0,24.0,4/16,18.66,8.0,14.0,3.0,0.0,5.0,0.0,2018
JD Unadkat,15.0,15.0,50.2,0.0,486.0,11.0,3/46,44.18,9.65,27.4,0.0,0.0,6.0,0.0,2018
RV Uthappa,16.0,0,0,0,0,0,0,0,0,0,0,0,5.0,0.0,2018
M Vijay,1.0,0,0,0,0,0,0,0,0,0,0,0,0.0,0.0,2018
R Vinay Kumar,2.0,2.0,3.5,0.0,65.0,2.0,2/30,32.5,16.95,11.5,0.0,0.0,2.0,0.0,2018
M Vohra,4.0,0,0,0,0,0,0,0,0,0,0,0,0.0,0.0,2018
Washington Sundar,7.0,7.0,20.0,0.0,192.0,4.0,2/22,48.0,9.6,30.0,0.0,0.0,0.0,0.0,2018
SR Watson,15.0,11.0,28.0,0.0,251.0,6.0,2/29,41.83,8.96,28.0,0.0,0.0,3.0,0.0,2018
DJ Willey,3.0,3.0,10.0,0.0,95.0,2.0,1/24,47.5,9.5,30.0,0.0,0.0,2.0,0.0,2018
KS Williamson,17.0,0,0,0,0,0,0,0,0,0,0,0,6.0,0.0,2018
CR Woakes,5.0,5.0,18.2,0.0,190.0,8.0,3/36,23.75,10.36,13.7,0.0,0.0,1.0,0.0,2018
MA Wood,1.0,1.0,4.0,0.0,49.0,0.0,0,0,12.25,0,0.0,0.0,1.0,0.0,2018
SA Yadav,14.0,0,0,0,0,0,0,0,0,0,0,0,8.0,0.0,2018
UT Yadav,14.0,14.0,53.1,1.0,418.0,20.0,3/23,20.9,7.86,15.9,0.0,0.0,2.0,0.0,2018
Yuvraj Singh,8.0,2.0,2.0,0.0,23.0,0.0,0,0,11.5,0,0.0,0.0,1.0,0.0,2018
AR Bawne,1.0,0,0,0,0,0,0,0,0,0,0,0,0.0,0.0,2017
VR Aaron,6.0,6.0,20.0,0.0,163.0,7.0,2/3,23.28,8.15,17.1,0.0,0.0,0.0,0.0,2017
AD Nath,1.0,0,0,0,0,0,0,0,0,0,0,0,0.0,0.0,2017
MA Agarwal,3.0,0,0,0,0,0,0,0,0,0,0,0,1.0,0.0,2017
SS Agarwal,1.0,1.0,4.0,0.0,42.0,1.0,1/42,42.0,10.5,24.0,0.0,0.0,1.0,0.0,2017
HM Amla,10.0,0,0,0,0,0,0,0,0,0,0,0,0.0,0.0,2017
CJ Anderson,11.0,8.0,18.5,0.0,186.0,3.0,1/23,62.0,9.87,37.6,0.0,0.0,5.0,0.0,2017
Ankit Sharma,1.0,1.0,1.0,0.0,16.0,0.0,0,0,16.0,0,0.0,0.0,0.0,0.0,2017
Ankit Soni,7.0,6.0,18.1,0.0,144.0,2.0,1/16,72.0,7.92,54.5,0.0,0.0,1.0,0.0,2017
Anureet Singh,1.0,1.0,2.0,0.0,26.0,0.0,0,0,13.0,0,0.0,0.0,0.0,0.0,2017
S Aravind,10.0,10.0,30.3,0.0,275.0,5.0,2/29,55.0,9.01,36.6,0.0,0.0,1.0,0.0,2017
Avesh Khan,1.0,1.0,4.0,0.0,23.0,1.0,1/23,23.0,5.75,24.0,0.0,0.0,0.0,0.0,2017
S Badree,7.0,7.0,25.0,1.0,188.0,9.0,4/9,20.88,7.52,16.6,1.0,0.0,2.0,0.0,2017
Basil Thampi,12.0,12.0,44.4,0.0,424.0,11.0,3/29,38.54,9.49,24.3,0.0,0.0,2.0,0.0,2017
R Bhatia,3.0,3.0,7.0,0.0,55.0,2.0,2/14,27.5,7.85,21.0,0.0,0.0,2.0,0.0,2017
SW Billings,6.0,0,0,0,0,0,0,0,0,0,0,0,4.0,0.0,2017
STR Binny,8.0,4.0,6.0,0.0,50.0,4.0,1/9,12.5,8.33,9.0,0.0,0.0,1.0,0.0,2017
Bipul Sharma,7.0,7.0,16.2,0.0,129.0,3.0,1/4,43.0,7.89,32.6,0.0,0.0,1.0,0.0,2017
TA Boult,6.0,6.0,23.5,0.0,216.0,5.0,2/30,43.2,9.06,28.6,0.0,0.0,0.0,0.0,2017
CR Brathwaite,2.0,2.0,6.0,0.0,67.0,1.0,1/38,67.0,11.16,36.0,0.0,0.0,0.0,0.0,2017
DM Bravo,1.0,0,0,0,0,0,0,0,0,0,0,0,0.0,0.0,2017
JJ Bumrah,16.0,16.0,59.2,2.0,440.0,20.0,3/7,22.0,7.41,17.8,0.0,0.0,2.0,0.0,2017
JC Buttler,10.0,0,0,0,0,0,0,0,0,0,0,0,1.0,0.0,2017
KC Cariappa,4.0,4.0,15.0,0.0,127.0,4.0,2/24,31.75,8.46,22.5,0.0,0.0,1.0,0.0,2017
YS Chahal,13.0,13.0,43.3,0.0,333.0,14.0,3/16,23.78,7.65,18.6,0.0,0.0,3.0,0.0,2017
DL Chahar,3.0,3.0,7.0,0.0,74.0,1.0,1/35,74.0,10.57,42.0,0.0,0.0,0.0,0.0,2017
RD Chahar,3.0,2.0,7.0,0.0,58.0,2.0,1/26,29.0,8.28,21.0,0.0,0.0,1.0,0.0,2017
PP Chawla,6.0,6.0,20.0,0.0,179.0,6.0,2/34,29.83,8.95,20.0,0.0,0.0,1.0,0.0,2017
A Choudhary,5.0,5.0,16.5,2.0,144.0,5.0,2/17,28.8,8.55,20.2,0.0,0.0,0.0,0.0,2017
DT Christian,13.0,13.0,40.0,0.0,298.0,11.0,2/10,27.09,7.45,21.8,0.0,0.0,6.0,0.0,2017
NM Coulter-Nile,8.0,8.0,28.2,0.0,228.0,15.0,3/20,15.2,8.04,11.3,0.0,0.0,2.0,0.0,2017
PJ Cummins,12.0,12.0,46.1,0.0,373.0,15.0,2/20,24.86,8.07,18.4,0.0,0.0,1.0,0.0,2017
BCJ Cutting,4.0,4.0,12.4,0.0,123.0,1.0,1/41,123.0,9.71,76.0,0.0,0.0,1.0,0.0,2017
C de Grandhomme,12.0,9.0,16.0,0.0,135.0,4.0,3/4,33.75,8.43,24.0,0.0,0.0,2.0,0.0,2017
AB de Villiers,9.0,0,0,0,0,0,0,0,0,0,0,0,6.0,0.0,2017
S Dhawan,14.0,0,0,0,0,0,0,0,0,0,0,0,7.0,0.0,2017
MS Dhoni,16.0,0,0,0,0,0,0,0,0,0,0,0,10.0,3.0,2017
AB Dinda,3.0,3.0,10.0,0.0,119.0,1.0,1/26,119.0,11.9,60.0,0.0,0.0,0.0,0.0,2017
F du Plessis,2.0,0,0,0,0,0,0,0,0,0,0,0,0.0,0.0,2017
JP Faulkner,8.0,8.0,26.2,0.0,258.0,6.0,2/34,43.0,9.79,26.3,0.0,0.0,3.0,0.0,2017
LH Ferguson,4.0,4.0,13.0,1.0,93.0,3.0,2/7,31.0,7.15,26.0,0.0,0.0,0.0,0.0,2017
AJ Finch,13.0,0,0,0,0,0,0,0,0,0,0,0,5.0,0.0,2017
G Gambhir,16.0,0,0,0,0,0,0,0,0,0,0,0,6.0,0.0,2017
CH Gayle,9.0,0,0,0,0,0,0,0,0,0,0,0,2.0,0.0,2017
MS Gony,1.0,1.0,2.0,0.0,32.0,0.0,0,0,16.0,0,0.0,0.0,0.0,0.0,2017
MJ Guptill,7.0,0,0,0,0,0,0,0,0,0,0,0,6.0,0.0,2017
Gurkeerat Singh,2.0,0,0,0,0,0,0,0,0,0,0,0,1.0,0.0,2017
Harbhajan Singh,11.0,11.0,41.0,0.0,266.0,8.0,3/22,33.25,6.48,30.7,0.0,0.0,2.0,0.0,2017
TM Head,7.0,5.0,8.0,0.0,81.0,2.0,2/30,40.5,10.12,24.0,0.0,0.0,3.0,0.0,2017
MC Henriques,12.0,12.0,24.0,0.0,248.0,1.0,1/6,248.0,10.33,144.0,0.0,0.0,5.0,0.0,2017
MJ Henry,2.0,2.0,5.0,0.0,71.0,1.0,1/31,71.0,14.2,30.0,0.0,0.0,0.0,0.0,2017
DJ Hooda,10.0,3.0,4.0,0.0,42.0,2.0,1/7,21.0,10.5,12.0,0.0,0.0,5.0,0.0,2017
Imran Tahir,12.0,12.0,47.0,0.0,369.0,18.0,3/18,20.5,7.85,15.6,0.0,0.0,2.0,0.0,2017
Iqbal Abdulla,2.0,2.0,5.0,0.0,55.0,2.0,2/36,27.5,11.0,15.0,0.0,0.0,0.0,0.0,2017
Ishan Kishan,11.0,0,0,0,0,0,0,0,0,0,0,0,3.0,0.0,2017
SS Iyer,12.0,0,0,0,0,0,0,0,0,0,0,0,3.0,0.0,2017
SP Jackson,4.0,0,0,0,0,0,0,0,0,0,0,0,2.0,0.0,2017
RA Jadeja,12.0,12.0,38.0,0.0,349.0,5.0,2/28,69.8,9.18,45.6,0.0,0.0,2.0,0.0,2017
KM Jadhav,13.0,0,0,0,0,0,0,0,0,0,0,0,7.0,3.0,2017
IR Jaggi,2.0,0,0,0,0,0,0,0,0,0,0,0,0.0,0.0,2017
SB Jakati,2.0,2.0,5.0,0.0,52.0,0.0,0,0,10.4,0,0.0,0.0,0.0,0.0,2017
MG Johnson,5.0,5.0,20.0,1.0,141.0,7.0,3/26,20.14,7.05,17.1,0.0,0.0,1.0,0.0,2017
CJ Jordan,1.0,1.0,1.0,0.0,9.0,1.0,1/9,9.0,9.0,6.0,0.0,0.0,0.0,0.0,2017
KD Karthik,14.0,0,0,0,0,0,0,0,0,0,0,0,8.0,0.0,2017
S Kaul,10.0,10.0,35.4,0.0,300.0,16.0,4/29,18.75,8.41,13.3,1.0,0.0,3.0,0.0,2017
S Kaushik,3.0,3.0,11.0,0.0,105.0,0.0,0,0,9.54,0,0.0,0.0,0.0,0.0,2017
Z Khan,11.0,11.0,40.1,0.0,313.0,10.0,3/20,31.3,7.79,24.1,0.0,0.0,4.0,0.0,2017
V Kohli,10.0,0,0,0,0,0,0,0,0,0,0,0,5.0,0.0,2017
Kuldeep Yadav,12.0,11.0,41.0,0.0,340.0,12.0,2/25,28.33,8.29,20.5,0.0,0.0,1.0,0.0,2017
DS Kulkarni,6.0,6.0,18.5,0.0,173.0,3.0,1/24,57.66,9.18,37.6,0.0,0.0,1.0,0.0,2017
B Kumar,14.0,14.0,52.2,0.0,369.0,26.0,5/19,14.19,7.05,12.0,0.0,1.0,4.0,0.0,2017
P Kumar,6.0,6.0,16.3,0.0,151.0,6.0,2/22,25.16,9.15,16.5,0.0,0.0,0.0,0.0,2017
CA Lynn,7.0,0,0,0,0,0,0,0,0,0,0,0,2.0,0.0,2017
MJ McClenaghan,14.0,14.0,54.0,0.0,507.0,19.0,3/24,26.68,9.38,17.0,0.0,0.0,1.0,0.0,2017
BB McCullum,11.0,0,0,0,0,0,0,0,0,0,0,0,8.0,0.0,2017
SL Malinga,12.0,12.0,44.5,0.0,382.0,11.0,2/5,34.72,8.52,24.4,0.0,0.0,1.0,0.0,2017
Mandeep Singh,11.0,0,0,0,0,0,0,0,0,0,0,0,6.0,0.0,2017
SE Marsh,9.0,0,0,0,0,0,0,0,0,0,0,0,2.0,0.0,2017
AD Mathews,3.0,2.0,5.0,0.0,56.0,0.0,0,0,11.2,0,0.0,0.0,2.0,0.0,2017
GJ Maxwell,14.0,8.0,19.0,0.0,125.0,7.0,2/15,17.85,6.57,16.2,0.0,0.0,7.0,0.0,2017
DA Miller,5.0,0,0,0,0,0,0,0,0,0,0,0,2.0,0.0,2017
TS Mills,5.0,5.0,17.5,0.0,153.0,5.0,2/31,30.6,8.57,21.4,0.0,0.0,1.0,0.0,2017
AF Milne,4.0,4.0,14.0,0.0,134.0,3.0,2/27,44.66,9.57,28.0,0.0,0.0,4.0,0.0,2017
A Mishra,14.0,14.0,38.5,1.0,343.0,10.0,3/11,34.3,8.83,23.3,0.0,0.0,3.0,0.0,2017
Mohammad Nabi,3.0,3.0,11.0,0.0,58.0,2.0,1/13,29.0,5.27,33.0,0.0,0.0,0.0,0.0,2017
Mohammed Shami,8.0,8.0,26.0,0.0,243.0,5.0,2/36,48.6,9.34,31.2,0.0,0.0,0.0,0.0,2017
Mohammed Siraj,6.0,6.0,23.0,0.0,212.0,10.0,4/32,21.2,9.21,13.8,1.0,0.0,1.0,0.0,2017
EJG Morgan,4.0,0,0,0,0,0,0,0,0,0,0,0,3.0,0.0,2017
CH Morris,9.0,9.0,31.0,0.0,240.0,12.0,4/26,20.0,7.74,15.5,1.0,0.0,5.0,0.0,2017
Mustafizur Rahman,1.0,1.0,2.4,0.0,34.0,0.0,0,0,12.75,0,0.0,0.0,0.0,0.0,2017
S Nadeem,7.0,7.0,17.5,0.0,119.0,6.0,2/13,19.83,6.67,17.8,0.0,0.0,2.0,0.0,2017
KK Nair,14.0,0,0,0,0,0,0,0,0,0,0,0,2.0,0.0,2017
SP Narine,16.0,15.0,59.0,0.0,412.0,10.0,2/29,41.2,6.98,35.4,0.0,0.0,4.0,0.0,2017
T Natarajan,6.0,6.0,12.4,0.0,115.0,2.0,1/26,57.5,9.07,38.0,0.0,0.0,0.0,0.0,2017
P Negi,12.0,12.0,32.1,0.0,197.0,16.0,3/10,12.31,6.12,12.0,0.0,0.0,3.0,0.0,2017
A Nehra,6.0,6.0,21.1,0.0,197.0,8.0,3/42,24.62,9.3,15.8,0.0,0.0,1.0,0.0,2017
NV Ojha,14.0,0,0,0,0,0,0,0,0,0,0,0,6.0,0.0,2017
MK Pandey,14.0,0,0,0,0,0,0,0,0,0,0,0,8.0,0.0,2017
HH Pandya,17.0,13.0,26.0,0.0,213.0,6.0,2/22,35.5,8.19,26.0,0.0,0.0,12.0,0.0,2017
KH Pandya,13.0,13.0,40.0,0.0,273.0,10.0,3/14,27.3,6.82,24.0,0.0,0.0,2.0,0.0,2017
RR Pant,14.0,0,0,0,0,0,0,0,0,0,0,0,8.0,3.0,2017
AR Patel,14.0,14.0,48.0,0.0,362.0,15.0,3/11,24.13,7.54,19.2,0.0,0.0,7.0,0.0,2017
HV Patel,1.0,1.0,4.0,0.0,43.0,3.0,3/43,14.33,10.75,8.0,0.0,0.0,0.0,0.0,2017
MM Patel,2.0,2.0,7.0,0.0,57.0,1.0,1/35,57.0,8.14,42.0,0.0,0.0,0.0,0.0,2017
PA Patel,16.0,0,0,0,0,0,0,0,0,0,0,0,6.0,2.0,2017
IK Pathan,1.0,1.0,2.0,0.0,26.0,0.0,0,0,13.0,0,0.0,0.0,0.0,0.0,2017
YK Pathan,15.0,4.0,4.0,0.0,41.0,1.0,1/2,41.0,10.25,24.0,0.0,0.0,2.0,0.0,2017
KA Pollard,17.0,1.0,1.5,0.0,30.0,0.0,0,0,16.36,0,0.0,0.0,15.0,0.0,2017
K Rabada,6.0,6.0,21.2,0.0,188.0,6.0,2/20,31.33,8.81,21.3,0.0,0.0,0.0,0.0,2017
AM Rahane,16.0,0,0,0,0,0,0,0,0,0,0,0,6.0,0.0,2017
SK Raina,14.0,6.0,12.0,0.0,102.0,1.0,1/11,102.0,8.5,72.0,0.0,0.0,4.0,0.0,2017
AS Rajpoot,5.0,5.0,14.0,0.0,107.0,4.0,3/37,26.75,7.64,21.0,0.0,0.0,1.0,0.0,2017
N Rana,13.0,0,0,0,0,0,0,0,0,0,0,0,4.0,0.0,2017
Rashid Khan,14.0,14.0,54.0,0.0,358.0,17.0,3/19,21.05,6.62,19.0,0.0,0.0,5.0,0.0,2017
AT Rayudu,5.0,0,0,0,0,0,0,0,0,0,0,0,3.0,0.0,2017
JJ Roy,3.0,0,0,0,0,0,0,0,0,0,0,0,1.0,0.0,2017
Sachin Baby,3.0,0,0,0,0,0,0,0,0,0,0,0,2.0,0.0,2017
WP Saha,14.0,0,0,0,0,0,0,0,0,0,0,0,10.0,2.0,2017
SV Samson,14.0,0,0,0,0,0,0,0,0,0,0,0,4.0,0.0,2017
MN Samuels,5.0,2.0,3.0,0.0,34.0,0.0,0,0,11.33,0,0.0,0.0,1.0,0.0,2017
Sandeep Sharma,13.0,13.0,48.0,0.0,398.0,17.0,4/20,23.41,8.29,16.9,1.0,0.0,3.0,0.0,2017
PJ Sangwan,5.0,5.0,18.0,0.0,181.0,5.0,2/38,36.2,10.05,21.6,0.0,0.0,0.0,0.0,2017
V Shankar,4.0,0,0,0,0,0,0,0,0,0,0,0,1.0,0.0,2017
Shakib Al Hasan,1.0,1.0,3.0,0.0,31.0,0.0,0,0,10.33,0,0.0,0.0,0.0,0.0,2017
I Sharma,6.0,6.0,18.0,0.0,179.0,0.0,0,0,9.94,0,0.0,0.0,0.0,0.0,2017
KV Sharma,9.0,9.0,30.4,0.0,214.0,13.0,4/16,16.46,6.97,14.1,1.0,0.0,3.0,0.0,2017
MM Sharma,14.0,14.0,45.4,0.0,410.0,13.0,2/24,31.53,8.97,21.0,0.0,0.0,3.0,0.0,2017
RG Sharma,17.0,0,0,0,0,0,0,0,0,0,0,0,10.0,0.0,2017
LMP Simmons,7.0,0,0,0,0,0,0,0,0,0,0,0,2.0,0.0,2017
NB Singh,2.0,2.0,4.0,0.0,15.0,1.0,1/7,15.0,3.75,24.0,0.0,0.0,0.0,0.0,2017
DR Smith,12.0,9.0,13.0,0.0,148.0,2.0,1/10,74.0,11.38,39.0,0.0,0.0,3.0,0.0,2017
SPD Smith,15.0,0,0,0,0,0,0,0,0,0,0,0,7.0,0.0,2017
TG Southee,3.0,3.0,10.0,1.0,96.0,3.0,2/39,32.0,9.6,20.0,0.0,0.0,1.0,0.0,2017
BB Sran,1.0,1.0,2.0,0.0,29.0,0.0,0,0,14.5,0,0.0,0.0,0.0,0.0,2017
B Stanlake,2.0,2.0,8.0,0.0,70.0,2.0,2/29,35.0,8.75,24.0,0.0,0.0,1.0,0.0,2017
MP Stoinis,5.0,5.0,10.3,0.0,110.0,2.0,1/28,55.0,10.47,31.5,0.0,0.0,3.0,0.0,2017
BA Stokes,12.0,12.0,44.0,1.0,316.0,12.0,3/18,26.33,7.18,22.0,0.0,0.0,5.0,0.0,2017
Swapnil Singh,4.0,4.0,7.0,0.0,61.0,1.0,1/14,61.0,8.71,42.0,0.0,0.0,1.0,0.0,2017
AP Tare,3.0,0,0,0,0,0,0,0,0,0,0,0,0.0,0.0,2017
Tejas Baroka,1.0,1.0,3.3,0.0,33.0,0.0,0,0,9.42,0,0.0,0.0,0.0,0.0,2017
R Tewatia,3.0,3.0,9.0,0.0,49.0,3.0,2/18,16.33,5.44,18.0,0.0,0.0,0.0,0.0,2017
SN Thakur,12.0,12.0,38.1,0.0,315.0,11.0,3/19,28.63,8.25,20.8,0.0,0.0,4.0,0.0,2017
MK Tiwary,15.0,0,0,0,0,0,0,0,0,0,0,0,6.0,0.0,2017
SS Tiwary,1.0,0,0,0,0,0,0,0,0,0,0,0,0.0,0.0,2017
RA Tripathi,14.0,1.0,1.0,0.0,12.0,0.0,0,0,12.0,0,0.0,0.0,5.0,0.0,2017
AJ Tye,6.0,6.0,21.0,0.0,141.0,12.0,5/17,11.75,6.71,10.5,0.0,1.0,0.0,0.0,2017
JD Unadkat,12.0,12.0,45.5,3.0,322.0,24.0,5/30,13.41,7.02,11.4,0.0,1.0,9.0,0.0,2017
RV Uthappa,14.0,0,0,0,0,0,0,0,0,0,0,0,9.0,6.0,2017
R Vinay Kumar,1.0,1.0,3.0,0.0,31.0,2.0,2/31,15.5,10.33,9.0,0.0,0.0,0.0,0.0,2017
Vishnu Vinod,3.0,0,0,0,0,0,0,0,0,0,0,0,0.0,2.0,2017
M Vohra,11.0,0,0,0,0,0,0,0,0,0,0,0,2.0,0.0,2017
DA Warner,14.0,0,0,0,0,0,0,0,0,0,0,0,10.0,0.0,2017
Washington Sundar,11.0,10.0,30.0,0.0,185.0,8.0,3/16,23.12,6.16,22.5,0.0,0.0,5.0,0.0,2017
SR Watson,8.0,8.0,26.5,0.0,245.0,5.0,1/16,49.0,9.13,32.2,0.0,0.0,2.0,0.0,2017
KS Williamson,7.0,0,0,0,0,0,0,0,0,0,0,0,1.0,0.0,2017
CR Woakes,13.0,13.0,44.0,0.0,386.0,17.0,3/6,22.7,8.77,15.5,0.0,0.0,6.0,0.0,2017
J Yadav,2.0,2.0,6.0,0.0,42.0,0.0,0,0,7.0,0,0.0,0.0,0.0,0.0,2017
SA Yadav,10.0,0,0,0,0,0,0,0,0,0,0,0,5.0,0.0,2017
UT Yadav,14.0,14.0,48.3,0.0,410.0,17.0,4/33,24.11,8.45,17.1,1.0,0.0,4.0,0.0,2017
Yuvraj Singh,12.0,2.0,2.0,0.0,22.0,1.0,1/6,22.0,11.0,12.0,0.0,0.0,3.0,0.0,2017
A Zampa,6.0,6.0,19.5,0.0,163.0,7.0,2/22,23.28,8.21,17.0,0.0,0.0,0.0,0.0,2017
S Ladda,1.0,1.0,2.0,0.0,21.0,0.0,0,0,10.5,0,0.0,0.0,0.0,0.0,2016
VR Aaron,8.0,8.0,23.4,0.0,227.0,2.0,2/37,113.5,9.59,71.0,0.0,0.0,0.0,0.0,2016
KJ Abbott,5.0,5.0,16.0,0.0,177.0,2.0,1/38,88.5,11.06,48.0,0.0,0.0,0.0,0.0,2016
AD Nath,4.0,0,0,0,0,0,0,0,0,0,0,0,0.0,0.0,2016
MA Agarwal,3.0,0,0,0,0,0,0,0,0,0,0,0,0.0,0.0,2016
HM Amla,6.0,0,0,0,0,0,0,0,0,0,0,0,0.0,0.0,2016
Ankit Sharma,3.0,3.0,11.0,0.0,84.0,1.0,1/27,84.0,7.63,66.0,0.0,0.0,1.0,0.0,2016
Anureet Singh,2.0,2.0,6.0,0.0,43.0,0.0,0,0,7.16,0,0.0,0.0,0.0,0.0,2016
S Aravind,9.0,9.0,29.1,0.0,216.0,11.0,2/18,19.63,7.4,15.9,0.0,0.0,3.0,0.0,2016
A Ashish Reddy,4.0,2.0,3.5,0.0,39.0,1.0,1/14,39.0,10.17,23.0,0.0,0.0,1.0,0.0,2016
M Ashwin,10.0,10.0,28.3,0.0,241.0,7.0,3/36,34.42,8.45,24.4,0.0,0.0,0.0,0.0,2016
R Ashwin,14.0,14.0,44.0,0.0,319.0,10.0,4/34,31.9,7.25,26.4,1.0,0.0,3.0,0.0,2016
GJ Bailey,6.0,0,0,0,0,0,0,0,0,0,0,0,2.0,0.0,2016
F Behardien,3.0,0,0,0,0,0,0,0,0,0,0,0,1.0,0.0,2016
R Bhatia,10.0,10.0,34.0,1.0,244.0,6.0,2/19,40.66,7.17,34.0,0.0,0.0,2.0,0.0,2016
SW Billings,5.0,0,0,0,0,0,0,0,0,0,0,0,3.0,0.0,2016
STR Binny,14.0,11.0,17.0,0.0,134.0,1.0,1/17,134.0,7.88,102.0,0.0,0.0,3.0,0.0,2016
Bipul Sharma,7.0,6.0,14.0,0.0,121.0,3.0,1/10,40.33,8.64,28.0,0.0,0.0,2.0,0.0,2016
SM Boland,2.0,2.0,7.0,0.0,54.0,2.0,2/31,27.0,7.71,21.0,0.0,0.0,0.0,0.0,2016
TA Boult,1.0,1.0,4.0,0.0,39.0,1.0,1/39,39.0,9.75,24.0,0.0,0.0,1.0,0.0,2016
CR Brathwaite,8.0,8.0,23.1,0.0,189.0,7.0,3/47,27.0,8.15,19.8,0.0,0.0,3.0,0.0,2016
DJ Bravo,15.0,15.0,56.0,0.0,494.0,17.0,4/22,29.05,8.82,19.7,1.0,0.0,6.0,0.0,2016
JJ Bumrah,14.0,14.0,52.0,0.0,406.0,15.0,3/13,27.06,7.8,20.8,0.0,0.0,1.0,0.0,2016
JC Buttler,14.0,0,0,0,0,0,0,0,0,0,0,0,7.0,0.0,2016
KC Cariappa,5.0,5.0,17.0,0.0,159.0,3.0,2/16,53.0,9.35,34.0,0.0,0.0,2.0,0.0,2016
YS Chahal,13.0,13.0,49.1,0.0,401.0,21.0,4/25,19.09,8.15,14.0,1.0,0.0,4.0,0.0,2016
DL Chahar,2.0,2.0,5.0,0.0,41.0,0.0,0,0,8.2,0,0.0,0.0,1.0,0.0,2016
UBT Chand,1.0,0,0,0,0,0,0,0,0,0,0,0,0.0,0.0,2016
PP Chawla,12.0,11.0,35.2,0.0,273.0,11.0,2/21,24.81,7.72,19.2,0.0,0.0,3.0,0.0,2016
NM Coulter-Nile,4.0,4.0,15.0,0.0,114.0,3.0,2/25,38.0,7.6,30.0,0.0,0.0,0.0,0.0,2016
BCJ Cutting,4.0,4.0,11.1,0.0,80.0,5.0,2/20,16.0,7.16,13.4,0.0,0.0,1.0,0.0,2016
Q de Kock,13.0,0,0,0,0,0,0,0,0,0,0,0,2.0,2.0,2016
AB de Villiers,16.0,0,0,0,0,0,0,0,0,0,0,0,19.0,0.0,2016
R Dhawan,2.0,2.0,7.0,0.0,56.0,2.0,1/21,28.0,8.0,21.0,0.0,0.0,0.0,0.0,2016
S Dhawan,17.0,0,0,0,0,0,0,0,0,0,0,0,5.0,0.0,2016
MS Dhoni,14.0,0,0,0,0,0,0,0,0,0,0,0,8.0,4.0,2016
AB Dinda,9.0,9.0,30.3,2.0,231.0,11.0,3/20,21.0,7.57,16.6,0.0,0.0,0.0,0.0,2016
JP Duminy,10.0,5.0,7.0,0.0,55.0,2.0,1/4,27.5,7.85,21.0,0.0,0.0,3.0,0.0,2016
F du Plessis,6.0,0,0,0,0,0,0,0,0,0,0,0,4.0,0.0,2016
ER Dwivedi,4.0,0,0,0,0,0,0,0,0,0,0,0,2.0,0.0,2016
JP Faulkner,7.0,7.0,17.0,0.0,167.0,2.0,1/23,83.5,9.82,51.0,0.0,0.0,3.0,0.0,2016
AJ Finch,13.0,0,0,0,0,0,0,0,0,0,0,0,3.0,0.0,2016
G Gambhir,15.0,0,0,0,0,0,0,0,0,0,0,0,1.0,0.0,2016
CH Gayle,10.0,4.0,10.0,0.0,63.0,2.0,2/11,31.5,6.3,30.0,0.0,0.0,4.0,0.0,2016
S Gopal,1.0,1.0,3.0,0.0,18.0,0.0,0,0,6.0,0,0.0,0.0,0.0,0.0,2016
MJ Guptill,3.0,0,0,0,0,0,0,0,0,0,0,0,0.0,0.0,2016
Gurkeerat Singh,7.0,3.0,4.0,0.0,31.0,2.0,2/15,15.5,7.75,12.0,0.0,0.0,5.0,0.0,2016
PSP Handscomb,2.0,0,0,0,0,0,0,0,0,0,0,0,0.0,0.0,2016
Harbhajan Singh,14.0,14.0,49.0,0.0,392.0,9.0,2/29,43.55,8.0,32.6,0.0,0.0,4.0,0.0,2016
JW Hastings,2.0,2.0,6.4,1.0,37.0,2.0,2/6,18.5,5.55,20.0,0.0,0.0,0.0,0.0,2016
TM Head,3.0,0,0,0,0,0,0,0,0,0,0,0,0.0,0.0,2016
MC Henriques,17.0,17.0,52.0,0.0,415.0,12.0,2/17,34.58,7.98,26.0,0.0,0.0,11.0,0.0,2016
GB Hogg,5.0,5.0,16.0,1.0,142.0,4.0,3/19,35.5,8.87,24.0,0.0,0.0,3.0,0.0,2016
JO Holder,4.0,4.0,13.0,0.0,103.0,2.0,2/33,51.5,7.92,39.0,0.0,0.0,0.0,0.0,2016
DJ Hooda,17.0,6.0,13.0,0.0,97.0,3.0,2/16,32.33,7.46,26.0,0.0,0.0,3.0,0.0,2016
Imran Tahir,4.0,4.0,16.0,0.0,138.0,5.0,3/24,27.6,8.62,19.2,0.0,0.0,0.0,0.0,2016
Iqbal Abdulla,8.0,8.0,25.0,0.0,213.0,6.0,3/40,35.5,8.52,25.0,0.0,0.0,4.0,0.0,2016
Ishan Kishan,5.0,0,0,0,0,0,0,0,0,0,0,0,1.0,0.0,2016
SS Iyer,6.0,0,0,0,0,0,0,0,0,0,0,0,4.0,0.0,2016
RA Jadeja,15.0,14.0,40.1,0.0,311.0,8.0,2/18,38.87,7.74,30.1,0.0,0.0,4.0,0.0,2016
KM Jadhav,4.0,0,0,0,0,0,0,0,0,0,0,0,1.0,0.0,2016
SB Jakati,6.0,6.0,20.0,0.0,178.0,2.0,1/13,89.0,8.9,60.0,0.0,0.0,4.0,0.0,2016
MG Johnson,3.0,3.0,11.0,0.0,106.0,2.0,1/35,53.0,9.63,33.0,0.0,0.0,1.0,0.0,2016
CJ Jordan,9.0,9.0,28.0,0.0,258.0,11.0,4/11,23.45,9.21,15.2,1.0,0.0,4.0,0.0,2016
KD Karthik,16.0,0,0,0,0,0,0,0,0,0,0,0,11.0,3.0,2016
S Kaushik,7.0,7.0,23.0,0.0,192.0,6.0,3/20,32.0,8.34,23.0,0.0,0.0,0.0,0.0,2016
SN Khan,5.0,0,0,0,0,0,0,0,0,0,0,0,0.0,0.0,2016
Z Khan,12.0,12.0,43.4,1.0,337.0,10.0,3/21,33.7,7.71,26.2,0.0,0.0,0.0,0.0,2016
UT Khawaja,6.0,0,0,0,0,0,0,0,0,0,0,0,1.0,0.0,2016
V Kohli,16.0,1.0,1.0,0.0,13.0,0.0,0,0,13.0,0,0.0,0.0,6.0,0.0,2016
Kuldeep Yadav,3.0,3.0,12.0,0.0,100.0,6.0,3/35,16.66,8.33,12.0,0.0,0.0,1.0,0.0,2016
DS Kulkarni,14.0,14.0,49.0,4.0,364.0,18.0,4/14,20.22,7.42,16.3,1.0,0.0,2.0,0.0,2016
B Kumar,17.0,17.0,66.0,3.0,490.0,23.0,4/29,21.3,7.42,17.2,1.0,0.0,6.0,0.0,2016
P Kumar,16.0,16.0,51.3,2.0,401.0,9.0,2/19,44.55,7.78,34.3,0.0,0.0,2.0,0.0,2016
CA Lynn,2.0,0,0,0,0,0,0,0,0,0,0,0,1.0,0.0,2016
MJ McClenaghan,14.0,14.0,53.2,0.0,436.0,17.0,4/21,25.64,8.17,18.8,1.0,0.0,0.0,0.0,2016
BB McCullum,16.0,0,0,0,0,0,0,0,0,0,0,0,0.0,0.0,2016
Mandeep Singh,1.0,0,0,0,0,0,0,0,0,0,0,0,1.0,0.0,2016
MR Marsh,3.0,3.0,9.0,0.0,45.0,4.0,2/14,11.25,5.0,13.5,0.0,0.0,0.0,0.0,2016
SE Marsh,6.0,0,0,0,0,0,0,0,0,0,0,0,1.0,0.0,2016
GJ Maxwell,11.0,7.0,9.0,0.0,80.0,0.0,0,0,8.88,0,0.0,0.0,3.0,0.0,2016
DA Miller,14.0,0,0,0,0,0,0,0,0,0,0,0,10.0,0.0,2016
AF Milne,1.0,1.0,4.0,0.0,43.0,1.0,1/43,43.0,10.75,24.0,0.0,0.0,1.0,0.0,2016
A Mishra,14.0,14.0,46.0,0.0,344.0,13.0,4/11,26.46,7.47,21.2,1.0,0.0,3.0,0.0,2016
Mohammed Shami,8.0,8.0,25.1,0.0,244.0,5.0,2/34,48.8,9.69,30.2,0.0,0.0,1.0,0.0,2016
EJG Morgan,7.0,0,0,0,0,0,0,0,0,0,0,0,3.0,0.0,2016
JA Morkel,2.0,2.0,5.0,0.0,66.0,2.0,2/36,33.0,13.2,15.0,0.0,0.0,1.0,0.0,2016
M Morkel,10.0,10.0,35.3,0.0,297.0,10.0,2/27,29.7,8.36,21.3,0.0,0.0,0.0,0.0,2016
CH Morris,12.0,12.0,44.0,0.0,308.0,13.0,2/30,23.69,7.0,20.3,0.0,0.0,8.0,0.0,2016
C Munro,4.0,2.0,2.0,0.0,15.0,0.0,0,0,7.5,0,0.0,0.0,2.0,0.0,2016
Mustafizur Rahman,16.0,16.0,61.0,1.0,421.0,17.0,3/16,24.76,6.9,21.5,0.0,0.0,2.0,0.0,2016
S Nadeem,4.0,4.0,15.0,0.0,127.0,2.0,2/23,63.5,8.46,45.0,0.0,0.0,0.0,0.0,2016
NS Naik,2.0,0,0,0,0,0,0,0,0,0,0,0,2.0,0.0,2016
KK Nair,14.0,0,0,0,0,0,0,0,0,0,0,0,3.0,0.0,2016
SP Narine,11.0,11.0,42.4,0.0,304.0,11.0,3/26,27.63,7.12,23.2,0.0,0.0,2.0,0.0,2016
P Negi,8.0,5.0,9.0,0.0,84.0,1.0,1/19,84.0,9.33,54.0,0.0,0.0,2.0,0.0,2016
A Nehra,8.0,8.0,26.0,1.0,199.0,9.0,3/15,22.11,7.65,17.3,0.0,0.0,1.0,0.0,2016
NV Ojha,17.0,0,0,0,0,0,0,0,0,0,0,0,18.0,0.0,2016
MK Pandey,12.0,0,0,0,0,0,0,0,0,0,0,0,7.0,0.0,2016
HH Pandya,11.0,10.0,16.4,0.0,153.0,3.0,1/7,51.0,9.18,33.3,0.0,0.0,6.0,0.0,2016
KH Pandya,12.0,11.0,31.1,0.0,236.0,6.0,2/15,39.33,7.57,31.1,0.0,0.0,2.0,0.0,2016
RR Pant,10.0,0,0,0,0,0,0,0,0,0,0,0,3.0,0.0,2016
Parvez Rasool,4.0,4.0,14.0,0.0,129.0,1.0,1/31,129.0,9.21,84.0,0.0,0.0,2.0,0.0,2016
AR Patel,14.0,14.0,47.5,0.0,388.0,13.0,4/21,29.84,8.11,22.0,1.0,0.0,2.0,0.0,2016
HV Patel,5.0,5.0,14.0,0.0,147.0,1.0,1/46,147.0,10.5,84.0,0.0,0.0,2.0,0.0,2016
PA Patel,10.0,0,0,0,0,0,0,0,0,0,0,0,9.0,1.0,2016
IK Pathan,4.0,3.0,8.0,0.0,61.0,0.0,0,0,7.62,0,0.0,0.0,1.0,0.0,2016
YK Pathan,15.0,4.0,6.0,0.0,33.0,1.0,1/6,33.0,5.5,36.0,0.0,0.0,3.0,0.0,2016
NLTC Perera,12.0,11.0,33.1,0.0,326.0,9.0,3/34,36.22,9.82,22.1,0.0,0.0,5.0,0.0,2016
KP Pietersen,4.0,0,0,0,0,0,0,0,0,0,0,0,1.0,0.0,2016
KA Pollard,13.0,4.0,6.0,0.0,81.0,0.0,0,0,13.5,0,0.0,0.0,5.0,0.0,2016
AM Rahane,14.0,0,0,0,0,0,0,0,0,0,0,0,7.0,0.0,2016
KL Rahul,14.0,0,0,0,0,0,0,0,0,0,0,0,5.0,4.0,2016
SK Raina,15.0,4.0,10.0,0.0,82.0,0.0,0,0,8.2,0,0.0,0.0,7.0,0.0,2016
AS Rajpoot,4.0,4.0,11.0,0.0,98.0,3.0,1/14,32.66,8.9,22.0,0.0,0.0,0.0,0.0,2016
N Rana,4.0,1.0,1.0,0.0,3.0,0.0,0,0,3.0,0,0.0,0.0,0.0,0.0,2016
AT Rayudu,13.0,0,0,0,0,0,0,0,0,0,0,0,4.0,0.0,2016
KW Richardson,4.0,4.0,14.0,0.0,136.0,7.0,3/13,19.42,9.71,12.0,0.0,0.0,2.0,0.0,2016
AD Russell,12.0,12.0,36.3,0.0,291.0,15.0,4/20,19.4,7.97,14.6,1.0,0.0,2.0,0.0,2016
Sachin Baby,11.0,2.0,1.4,0.0,8.0,2.0,2/4,4.0,4.8,5.0,0.0,0.0,1.0,0.0,2016
WP Saha,12.0,0,0,0,0,0,0,0,0,0,0,0,7.0,3.0,2016
P Sahu,5.0,5.0,17.3,0.0,146.0,3.0,2/18,48.66,8.34,35.0,0.0,0.0,0.0,0.0,2016
SV Samson,14.0,0,0,0,0,0,0,0,0,0,0,0,3.0,1.0,2016
Sandeep Sharma,14.0,14.0,50.0,1.0,366.0,15.0,2/11,24.4,7.32,20.0,0.0,0.0,2.0,0.0,2016
PJ Sangwan,2.0,2.0,4.0,0.0,49.0,0.0,0,0,12.25,0,0.0,0.0,1.0,0.0,2016
R Sathish,4.0,3.0,6.0,0.0,59.0,1.0,1/20,59.0,9.83,36.0,0.0,0.0,0.0,0.0,2016
T Shamsi,4.0,4.0,16.0,0.0,147.0,3.0,1/21,49.0,9.18,32.0,0.0,0.0,1.0,0.0,2016
Shakib Al Hasan,10.0,9.0,31.0,0.0,243.0,5.0,1/14,48.6,7.83,37.2,0.0,0.0,4.0,0.0,2016
I Sharma,4.0,4.0,15.0,0.0,148.0,3.0,2/36,49.33,9.86,30.0,0.0,0.0,2.0,0.0,2016
KV Sharma,5.0,5.0,16.2,0.0,171.0,0.0,0,0,10.46,0,0.0,0.0,0.0,0.0,2016
MM Sharma,14.0,14.0,48.3,0.0,407.0,13.0,3/23,31.3,8.39,22.3,0.0,0.0,3.0,0.0,2016
RG Sharma,14.0,0,0,0,0,0,0,0,0,0,0,0,2.0,0.0,2016
LMP Simmons,1.0,0,0,0,0,0,0,0,0,0,0,0,0.0,0.0,2016
RP Singh,4.0,4.0,12.0,0.0,111.0,3.0,1/23,37.0,9.25,24.0,0.0,0.0,0.0,0.0,2016
DR Smith,12.0,8.0,18.0,0.0,153.0,8.0,4/8,19.12,8.5,13.5,1.0,0.0,7.0,0.0,2016
SPD Smith,8.0,0,0,0,0,0,0,0,0,0,0,0,2.0,0.0,2016
TG Southee,11.0,11.0,43.0,0.0,329.0,9.0,3/24,36.55,7.65,28.6,0.0,0.0,4.0,0.0,2016
BB Sran,14.0,14.0,49.3,0.0,413.0,14.0,3/28,29.5,8.34,21.2,0.0,0.0,2.0,0.0,2016
DW Steyn,1.0,1.0,2.0,0.0,17.0,0.0,0,0,8.5,0,0.0,0.0,0.0,0.0,2016
MP Stoinis,7.0,7.0,23.0,0.0,194.0,8.0,4/15,24.25,8.43,17.2,1.0,0.0,0.0,0.0,2016
J Suchith,1.0,1.0,2.0,0.0,31.0,0.0,0,0,15.5,0,0.0,0.0,0.0,0.0,2016
Swapnil Singh,1.0,1.0,3.0,0.0,29.0,0.0,0,0,9.66,0,0.0,0.0,0.0,0.0,2016
PV Tambe,7.0,7.0,16.0,0.0,143.0,5.0,2/12,28.6,8.93,19.2,0.0,0.0,1.0,0.0,2016
AP Tare,3.0,0,0,0,0,0,0,0,0,0,0,0,1.0,0.0,2016
SS Tiwary,10.0,0,0,0,0,0,0,0,0,0,0,0,4.0,0.0,2016
JD Unadkat,1.0,1.0,3.0,0.0,49.0,0.0,0,0,16.33,0,0.0,0.0,0.0,0.0,2016
RV Uthappa,15.0,0,0,0,0,0,0,0,0,0,0,0,10.0,4.0,2016
M Vijay,14.0,1.0,1.0,0.0,8.0,0.0,0,0,8.0,0,0.0,0.0,2.0,0.0,2016
R Vinay Kumar,3.0,3.0,9.0,1.0,64.0,3.0,2/17,21.33,7.11,18.0,0.0,0.0,0.0,0.0,2016
M Vohra,7.0,0,0,0,0,0,0,0,0,0,0,0,3.0,0.0,2016
DA Warner,17.0,0,0,0,0,0,0,0,0,0,0,0,4.0,0.0,2016
SR Watson,16.0,16.0,56.3,0.0,485.0,20.0,4/29,24.25,8.58,16.9,1.0,0.0,6.0,0.0,2016
D Wiese,1.0,1.0,4.0,0.0,49.0,0.0,0,0,12.25,0,0.0,0.0,1.0,0.0,2016
KS Williamson,6.0,1.0,1.0,0.0,7.0,0.0,0,0,7.0,0,0.0,0.0,5.0,0.0,2016
J Yadav,5.0,5.0,17.0,0.0,125.0,2.0,1/23,62.5,7.35,51.0,0.0,0.0,1.0,0.0,2016
SA Yadav,15.0,0,0,0,0,0,0,0,0,0,0,0,6.0,0.0,2016
UT Yadav,9.0,9.0,26.0,0.0,234.0,10.0,3/28,23.4,9.0,15.6,0.0,0.0,1.0,0.0,2016
Yuvraj Singh,10.0,5.0,6.1,0.0,52.0,0.0,0,0,8.43,0,0.0,0.0,1.0,0.0,2016
A Zampa,5.0,5.0,17.0,0.0,115.0,12.0,6/19,9.58,6.76,8.5,0.0,1.0,0.0,0.0,2016
VR Aaron,6.0,5.0,17.2,0.0,177.0,3.0,2/24,59.0,10.21,34.6,0.0,0.0,1.0,0.0,2015
SA Abbott,2.0,2.0,5.0,0.0,57.0,0.0,0,0,11.4,0,0.0,0.0,0.0,0.0,2015
MA Agarwal,10.0,0,0,0,0,0,0,0,0,0,0,0,3.0,0.0,2015
AN Ahmed,3.0,3.0,12.0,0.0,128.0,1.0,1/28,128.0,10.66,72.0,0.0,0.0,0.0,0.0,2015
CJ Anderson,4.0,2.0,4.0,0.0,33.0,1.0,1/21,33.0,8.25,24.0,0.0,0.0,1.0,0.0,2015
Ankit Sharma,4.0,4.0,14.0,0.0,114.0,3.0,1/26,38.0,8.14,28.0,0.0,0.0,2.0,0.0,2015
Anureet Singh,14.0,14.0,51.4,0.0,465.0,15.0,3/23,31.0,9.0,20.6,0.0,0.0,4.0,0.0,2015
S Aravind,5.0,5.0,18.0,0.0,132.0,8.0,4/27,16.5,7.33,13.5,1.0,0.0,1.0,0.0,2015
A Ashish Reddy,6.0,4.0,6.0,0.0,50.0,3.0,1/11,16.66,8.33,12.0,0.0,0.0,1.0,0.0,2015
R Ashwin,14.0,13.0,39.0,0.0,228.0,10.0,2/5,22.8,5.84,23.4,0.0,0.0,3.0,0.0,2015
Azhar Mahmood,1.0,1.0,3.0,0.0,41.0,0.0,0,0,13.66,0,0.0,0.0,0.0,0.0,2015
GJ Bailey,13.0,0,0,0,0,0,0,0,0,0,0,0,1.0,0.0,2015
R Bhatia,2.0,2.0,5.0,0.0,46.0,0.0,0,0,9.2,0,0.0,0.0,0.0,0.0,2015
STR Binny,13.0,10.0,19.0,0.0,140.0,4.0,2/27,35.0,7.36,28.5,0.0,0.0,5.0,0.0,2015
Bipul Sharma,4.0,3.0,7.0,0.0,50.0,3.0,2/13,16.66,7.14,14.0,0.0,0.0,0.0,0.0,2015
MS Bisla,2.0,0,0,0,0,0,0,0,0,0,0,0,1.0,0.0,2015
RS Bopara,9.0,7.0,20.0,0.0,160.0,6.0,2/18,26.66,8.0,20.0,0.0,0.0,2.0,0.0,2015
J Botha,4.0,4.0,10.0,0.0,81.0,1.0,1/32,81.0,8.1,60.0,0.0,0.0,4.0,0.0,2015
TA Boult,7.0,7.0,28.0,0.0,236.0,9.0,3/19,26.22,8.42,18.6,0.0,0.0,2.0,0.0,2015
DJ Bravo,17.0,16.0,52.2,0.0,426.0,26.0,3/22,16.38,8.14,12.0,0.0,0.0,13.0,0.0,2015
JJ Bumrah,4.0,4.0,15.0,0.0,184.0,3.0,1/38,61.33,12.26,30.0,0.0,0.0,0.0,0.0,2015
KC Cariappa,1.0,1.0,2.0,0.0,28.0,1.0,1/28,28.0,14.0,12.0,0.0,0.0,0.0,0.0,2015
YS Chahal,15.0,14.0,46.5,0.0,415.0,23.0,3/40,18.04,8.86,12.2,0.0,0.0,4.0,0.0,2015
UBT Chand,6.0,0,0,0,0,0,0,0,0,0,0,0,3.0,0.0,2015
PP Chawla,13.0,13.0,35.0,0.0,269.0,11.0,4/32,24.45,7.68,19.0,1.0,0.0,2.0,0.0,2015
NM Coulter-Nile,11.0,11.0,42.3,1.0,321.0,15.0,4/20,21.4,7.55,17.0,1.0,0.0,5.0,0.0,2015
PJ Cummins,3.0,3.0,10.0,0.0,97.0,1.0,1/54,97.0,9.7,60.0,0.0,0.0,1.0,0.0,2015
Q de Kock,3.0,0,0,0,0,0,0,0,0,0,0,0,0.0,0.0,2015
M de Lange,1.0,1.0,4.0,1.0,30.0,0.0,0,0,7.5,0,0.0,0.0,0.0,0.0,2015
AB de Villiers,16.0,0,0,0,0,0,0,0,0,0,0,0,8.0,0.0,2015
R Dhawan,5.0,5.0,12.0,0.0,110.0,1.0,1/12,110.0,9.16,72.0,0.0,0.0,0.0,0.0,2015
S Dhawan,14.0,0,0,0,0,0,0,0,0,0,0,0,6.0,0.0,2015
MS Dhoni,17.0,0,0,0,0,0,0,0,0,0,0,0,8.0,3.0,2015
AB Dinda,2.0,2.0,5.0,0.0,62.0,0.0,0,0,12.4,0,0.0,0.0,1.0,0.0,2015
JP Duminy,14.0,9.0,17.0,0.0,126.0,8.0,4/17,15.75,7.41,12.7,1.0,0.0,8.0,0.0,2015
F du Plessis,17.0,0,0,0,0,0,0,0,0,0,0,0,8.0,0.0,2015
JP Faulkner,13.0,13.0,45.0,1.0,426.0,8.0,3/26,53.25,9.46,33.7,0.0,0.0,4.0,0.0,2015
AJ Finch,3.0,0,0,0,0,0,0,0,0,0,0,0,0.0,0.0,2015
G Gambhir,13.0,0,0,0,0,0,0,0,0,0,0,0,3.0,0.0,2015
CM Gautam,1.0,0,0,0,0,0,0,0,0,0,0,0,0.0,1.0,2015
CH Gayle,14.0,1.0,2.0,0.0,15.0,0.0,0,0,7.5,0,0.0,0.0,1.0,0.0,2015
S Gopal,1.0,1.0,2.1,0.0,23.0,1.0,1/23,23.0,10.61,13.0,0.0,0.0,0.0,0.0,2015
Gurkeerat Singh,5.0,3.0,9.0,0.0,66.0,3.0,2/17,22.0,7.33,18.0,0.0,0.0,1.0,0.0,2015
Harbhajan Singh,15.0,15.0,57.0,1.0,446.0,18.0,3/27,24.77,7.82,19.0,0.0,0.0,3.0,0.0,2015
BE Hendricks,4.0,4.0,13.0,0.0,109.0,5.0,2/40,21.8,8.38,15.6,0.0,0.0,2.0,0.0,2015
MC Henriques,9.0,9.0,25.0,0.0,158.0,11.0,3/16,14.36,6.32,13.6,0.0,0.0,1.0,0.0,2015
GB Hogg,6.0,6.0,21.0,0.0,144.0,9.0,4/29,16.0,6.85,14.0,1.0,0.0,0.0,0.0,2015
DJ Hooda,14.0,7.0,15.1,0.0,129.0,1.0,1/35,129.0,8.5,91.0,0.0,0.0,1.0,0.0,2015
MEK Hussey,4.0,0,0,0,0,0,0,0,0,0,0,0,1.0,0.0,2015
Imran Tahir,10.0,10.0,35.3,0.0,314.0,15.0,4/28,20.93,8.84,14.2,1.0,0.0,3.0,0.0,2015
Iqbal Abdulla,5.0,5.0,19.0,1.0,150.0,4.0,2/36,37.5,7.89,28.5,0.0,0.0,1.0,0.0,2015
SS Iyer,14.0,0,0,0,0,0,0,0,0,0,0,0,2.0,0.0,2015
RA Jadeja,17.0,15.0,42.4,0.0,330.0,11.0,4/11,30.0,7.73,23.2,1.0,0.0,13.0,0.0,2015
KM Jadhav,14.0,0,0,0,0,0,0,0,0,0,0,0,6.0,2.0,2015
MG Johnson,9.0,9.0,35.5,1.0,336.0,9.0,2/23,37.33,9.37,23.8,0.0,0.0,0.0,0.0,2015
Karanveer Singh,4.0,4.0,14.0,0.0,157.0,1.0,1/30,157.0,11.21,84.0,0.0,0.0,1.0,0.0,2015
KD Karthik,16.0,0,0,0,0,0,0,0,0,0,0,0,14.0,4.0,2015
SN Khan,13.0,0,0,0,0,0,0,0,0,0,0,0,0.0,0.0,2015
Z Khan,7.0,7.0,24.1,1.0,156.0,7.0,2/9,22.28,6.45,20.7,0.0,0.0,0.0,0.0,2015
V Kohli,16.0,2.0,1.5,0.0,10.0,0.0,0,0,5.45,0,0.0,0.0,7.0,0.0,2015
DS Kulkarni,11.0,11.0,35.0,1.0,277.0,13.0,2/9,21.3,7.91,16.1,0.0,0.0,5.0,0.0,2015
B Kumar,14.0,14.0,51.4,1.0,407.0,18.0,3/26,22.61,7.87,17.2,0.0,0.0,5.0,0.0,2015
P Kumar,12.0,12.0,36.0,0.0,329.0,7.0,2/35,47.0,9.13,30.8,0.0,0.0,3.0,0.0,2015
MJ McClenaghan,12.0,12.0,47.0,0.0,386.0,18.0,3/16,21.44,8.21,15.6,0.0,0.0,0.0,0.0,2015
BB McCullum,14.0,0,0,0,0,0,0,0,0,0,0,0,2.0,0.0,2015
NJ Maddinson,1.0,0,0,0,0,0,0,0,0,0,0,0,0.0,0.0,2015
SL Malinga,15.0,15.0,60.0,3.0,444.0,24.0,4/23,18.5,7.4,15.0,1.0,0.0,2.0,0.0,2015
Mandeep Singh,14.0,0,0,0,0,0,0,0,0,0,0,0,7.0,0.0,2015
SE Marsh,4.0,0,0,0,0,0,0,0,0,0,0,0,0.0,0.0,2015
AD Mathews,11.0,10.0,30.0,0.0,246.0,7.0,2/15,35.14,8.2,25.7,0.0,0.0,5.0,0.0,2015
GJ Maxwell,11.0,7.0,10.0,0.0,97.0,2.0,1/5,48.5,9.7,30.0,0.0,0.0,2.0,0.0,2015
DA Miller,13.0,0,0,0,0,0,0,0,0,0,0,0,7.0,0.0,2015
A Mishra,12.0,12.0,40.1,0.0,310.0,9.0,2/32,34.44,7.71,26.7,0.0,0.0,2.0,0.0,2015
RG More,2.0,2.0,5.5,0.0,59.0,1.0,1/31,59.0,10.11,35.0,0.0,0.0,1.0,0.0,2015
EJG Morgan,9.0,0,0,0,0,0,0,0,0,0,0,0,5.0,0.0,2015
JA Morkel,4.0,4.0,12.0,0.0,109.0,3.0,2/21,36.33,9.08,24.0,0.0,0.0,1.0,0.0,2015
M Morkel,7.0,7.0,28.0,1.0,206.0,10.0,2/18,20.6,7.35,16.8,0.0,0.0,1.0,0.0,2015
CH Morris,11.0,11.0,42.0,0.0,311.0,13.0,4/23,23.92,7.4,19.3,1.0,0.0,3.0,0.0,2015
DJ Muthuswami,6.0,6.0,14.0,0.0,101.0,4.0,2/18,25.25,7.21,21.0,0.0,0.0,0.0,0.0,2015
S Nadeem,4.0,2.0,7.0,1.0,43.0,0.0,0,0,6.14,0,0.0,0.0,3.0,0.0,2015
KK Nair,14.0,0,0,0,0,0,0,0,0,0,0,0,3.0,0.0,2015
SP Narine,8.0,8.0,32.0,0.0,234.0,7.0,4/19,33.42,7.31,27.4,1.0,0.0,1.0,0.0,2015
P Negi,10.0,10.0,30.0,0.0,252.0,6.0,2/25,42.0,8.4,30.0,0.0,0.0,4.0,0.0,2015
A Nehra,16.0,16.0,62.0,0.0,449.0,22.0,4/10,20.4,7.24,16.9,1.0,0.0,3.0,0.0,2015
NV Ojha,14.0,0,0,0,0,0,0,0,0,0,0,0,6.0,1.0,2015
PP Ojha,1.0,1.0,2.0,0.0,23.0,0.0,0,0,11.5,0,0.0,0.0,0.0,0.0,2015
IC Pandey,10.0,10.0,31.0,2.0,223.0,11.0,2/27,20.27,7.19,16.9,0.0,0.0,2.0,0.0,2015
MK Pandey,13.0,0,0,0,0,0,0,0,0,0,0,0,5.0,0.0,2015
HH Pandya,9.0,8.0,17.0,0.0,176.0,1.0,1/13,176.0,10.35,102.0,0.0,0.0,6.0,0.0,2015
Parvez Rasool,2.0,2.0,5.0,0.0,31.0,1.0,1/20,31.0,6.2,30.0,0.0,0.0,0.0,0.0,2015
AR Patel,14.0,14.0,46.4,0.0,392.0,13.0,2/11,30.15,8.4,21.5,0.0,0.0,7.0,0.0,2015
HV Patel,15.0,14.0,43.5,0.0,328.0,17.0,2/12,19.29,7.48,15.4,0.0,0.0,1.0,0.0,2015
PA Patel,14.0,0,0,0,0,0,0,0,0,0,0,0,7.0,3.0,2015
YK Pathan,13.0,5.0,10.0,0.0,97.0,2.0,2/40,48.5,9.7,30.0,0.0,0.0,3.0,0.0,2015
NLTC Perera,2.0,2.0,6.0,0.0,55.0,1.0,1/33,55.0,9.16,36.0,0.0,0.0,0.0,0.0,2015
KA Pollard,16.0,8.0,12.4,0.0,120.0,3.0,1/6,40.0,9.47,25.3,0.0,0.0,9.0,0.0,2015
AM Rahane,14.0,0,0,0,0,0,0,0,0,0,0,0,3.0,0.0,2015
KL Rahul,9.0,0,0,0,0,0,0,0,0,0,0,0,1.0,0.0,2015
SK Raina,17.0,5.0,12.0,0.0,93.0,2.0,1/29,46.5,7.75,36.0,0.0,0.0,11.0,0.0,2015
AT Rayudu,15.0,0,0,0,0,0,0,0,0,0,0,0,9.0,0.0,2015
RR Rossouw,2.0,0,0,0,0,0,0,0,0,0,0,0,2.0,0.0,2015
AD Russell,13.0,13.0,40.4,0.0,324.0,14.0,3/32,23.14,7.96,17.4,0.0,0.0,6.0,0.0,2015
WP Saha,14.0,0,0,0,0,0,0,0,0,0,0,0,11.0,3.0,2015
DJG Sammy,2.0,2.0,3.0,0.0,25.0,0.0,0,0,8.33,0,0.0,0.0,1.0,0.0,2015
SV Samson,14.0,0,0,0,0,0,0,0,0,0,0,0,9.0,0.0,2015
Sandeep Sharma,14.0,14.0,50.0,4.0,350.0,13.0,4/25,26.92,7.0,23.0,1.0,0.0,2.0,0.0,2015
GS Sandhu,3.0,2.0,8.0,0.0,82.0,1.0,1/33,82.0,10.25,48.0,0.0,0.0,0.0,0.0,2015
V Sehwag,8.0,0,0,0,0,0,0,0,0,0,0,0,0.0,0.0,2015
Shakib Al Hasan,4.0,4.0,14.0,0.0,123.0,4.0,2/22,30.75,8.78,21.0,0.0,0.0,0.0,0.0,2015
I Sharma,4.0,4.0,14.0,0.0,159.0,1.0,1/25,159.0,11.35,84.0,0.0,0.0,0.0,0.0,2015
KV Sharma,14.0,14.0,39.5,0.0,332.0,10.0,2/12,33.2,8.33,23.9,0.0,0.0,4.0,0.0,2015
MM Sharma,16.0,16.0,57.0,0.0,481.0,14.0,3/25,34.35,8.43,24.4,0.0,0.0,5.0,0.0,2015
RG Sharma,16.0,0,0,0,0,0,0,0,0,0,0,0,5.0,0.0,2015
Shivam Sharma,1.0,1.0,3.0,0.0,44.0,1.0,1/44,44.0,14.66,18.0,0.0,0.0,0.0,0.0,2015
LMP Simmons,13.0,0,0,0,0,0,0,0,0,0,0,0,6.0,0.0,2015
DR Smith,16.0,1.0,2.0,0.0,17.0,1.0,1/17,17.0,8.5,12.0,0.0,0.0,9.0,0.0,2015
SPD Smith,14.0,0,0,0,0,0,0,0,0,0,0,0,7.0,0.0,2015
TG Southee,7.0,7.0,28.0,1.0,247.0,6.0,2/32,41.16,8.82,28.0,0.0,0.0,4.0,0.0,2015
BB Sran,1.0,1.0,3.0,0.0,35.0,0.0,0,0,11.66,0,0.0,0.0,0.0,0.0,2015
MA Starc,13.0,12.0,43.0,1.0,291.0,20.0,4/15,14.55,6.76,12.9,1.0,0.0,7.0,0.0,2015
DW Steyn,6.0,6.0,19.0,0.0,170.0,3.0,2/38,56.66,8.94,38.0,0.0,0.0,2.0,0.0,2015
J Suchith,13.0,12.0,39.0,0.0,337.0,10.0,2/14,33.7,8.64,23.4,0.0,0.0,8.0,0.0,2015
P Suyal,3.0,3.0,10.0,0.0,95.0,0.0,0,0,9.5,0,0.0,0.0,0.0,0.0,2015
PV Tambe,10.0,10.0,34.0,0.0,266.0,7.0,2/21,38.0,7.82,29.1,0.0,0.0,1.0,0.0,2015
AP Tare,2.0,0,0,0,0,0,0,0,0,0,0,0,1.0,0.0,2015
RN ten Doeschate,6.0,1.0,1.0,0.0,4.0,0.0,0,0,4.0,0,0.0,0.0,1.0,0.0,2015
R Tewatia,1.0,1.0,3.0,0.0,31.0,1.0,1/31,31.0,10.33,18.0,0.0,0.0,0.0,0.0,2015
SN Thakur,1.0,1.0,3.0,0.0,38.0,1.0,1/38,38.0,12.66,18.0,0.0,0.0,0.0,0.0,2015
J Theron,1.0,1.0,4.0,0.0,40.0,1.0,1/40,40.0,10.0,24.0,0.0,0.0,0.0,0.0,2015
MK Tiwary,5.0,0,0,0,0,0,0,0,0,0,0,0,2.0,0.0,2015
SS Tiwary,7.0,0,0,0,0,0,0,0,0,0,0,0,5.0,0.0,2015
JD Unadkat,1.0,1.0,3.0,0.0,30.0,0.0,0,0,10.0,0,0.0,0.0,0.0,0.0,2015
RV Uthappa,13.0,0,0,0,0,0,0,0,0,0,0,0,7.0,5.0,2015
GH Vihari,5.0,0,0,0,0,0,0,0,0,0,0,0,2.0,0.0,2015
M Vijay,11.0,2.0,4.0,0.0,28.0,0.0,0,0,7.0,0,0.0,0.0,4.0,0.0,2015
R Vinay Kumar,13.0,13.0,43.3,0.0,368.0,7.0,2/26,52.57,8.45,37.2,0.0,0.0,6.0,0.0,2015
M Vohra,7.0,0,0,0,0,0,0,0,0,0,0,0,2.0,0.0,2015
DA Warner,14.0,0,0,0,0,0,0,0,0,0,0,0,8.0,0.0,2015
SR Watson,10.0,10.0,29.0,1.0,269.0,6.0,2/36,44.83,9.27,29.0,0.0,0.0,1.0,0.0,2015
D Wiese,14.0,13.0,42.2,0.0,353.0,16.0,4/33,22.06,8.33,15.8,1.0,0.0,5.0,0.0,2015
KS Williamson,2.0,0,0,0,0,0,0,0,0,0,0,0,2.0,0.0,2015
J Yadav,3.0,3.0,7.0,0.0,29.0,2.0,1/8,14.5,4.14,21.0,0.0,0.0,1.0,0.0,2015
SA Yadav,13.0,0,0,0,0,0,0,0,0,0,0,0,7.0,0.0,2015
UT Yadav,12.0,12.0,42.0,0.0,382.0,10.0,3/33,38.2,9.09,25.2,0.0,0.0,5.0,0.0,2015
Yuvraj Singh,14.0,6.0,9.0,0.0,72.0,1.0,1/14,72.0,8.0,54.0,0.0,0.0,2.0,0.0,2015
VR Aaron,10.0,10.0,36.4,1.0,299.0,16.0,3/16,18.68,8.15,13.7,0.0,0.0,0.0,0.0,2014
MA Agarwal,8.0,0,0,0,0,0,0,0,0,0,0,0,1.0,0.0,2014
AN Ahmed,4.0,4.0,14.2,0.0,113.0,3.0,1/18,37.66,7.88,28.6,0.0,0.0,0.0,0.0,2014
CJ Anderson,12.0,9.0,18.0,0.0,184.0,4.0,2/18,46.0,10.22,27.0,0.0,0.0,5.0,0.0,2014
S Anirudha,1.0,0,0,0,0,0,0,0,0,0,0,0,0.0,0.0,2014
Ankit Sharma,3.0,2.0,8.0,0.0,43.0,4.0,2/20,10.75,5.37,12.0,0.0,0.0,0.0,0.0,2014
R Ashwin,16.0,16.0,59.5,1.0,437.0,16.0,3/30,27.31,7.3,22.4,0.0,0.0,1.0,0.0,2014
P Awana,7.0,7.0,23.3,1.0,245.0,7.0,2/15,35.0,10.42,20.1,0.0,0.0,0.0,0.0,2014
S Badree,4.0,4.0,14.0,0.0,97.0,2.0,1/19,48.5,6.92,42.0,0.0,0.0,0.0,0.0,2014
GJ Bailey,17.0,0,0,0,0,0,0,0,0,0,0,0,8.0,0.0,2014
L Balaji,9.0,9.0,34.0,0.0,299.0,12.0,4/13,24.91,8.79,17.0,1.0,0.0,0.0,0.0,2014
R Bhatia,12.0,12.0,38.0,0.0,283.0,12.0,3/23,23.58,7.44,19.0,0.0,0.0,5.0,0.0,2014
STR Binny,13.0,8.0,9.0,0.0,64.0,3.0,1/1,21.33,7.11,18.0,0.0,0.0,3.0,0.0,2014
MS Bisla,1.0,0,0,0,0,0,0,0,0,0,0,0,1.0,0.0,2014
DJ Bravo,1.0,0,0,0,0,0,0,0,0,0,0,0,0.0,0.0,2014
JJ Bumrah,11.0,11.0,39.4,1.0,301.0,5.0,2/22,60.2,7.58,47.6,0.0,0.0,0.0,0.0,2014
YS Chahal,14.0,14.0,55.0,1.0,386.0,12.0,2/17,32.16,7.01,27.5,0.0,0.0,3.0,0.0,2014
UBT Chand,1.0,0,0,0,0,0,0,0,0,0,0,0,0.0,0.0,2014
PP Chawla,11.0,11.0,39.3,0.0,303.0,14.0,3/19,21.64,7.67,16.9,0.0,0.0,3.0,0.0,2014
KK Cooper,5.0,5.0,18.0,0.0,134.0,4.0,2/38,33.5,7.44,27.0,0.0,0.0,2.0,0.0,2014
NM Coulter-Nile,2.0,1.0,4.0,0.0,27.0,2.0,2/27,13.5,6.75,12.0,0.0,0.0,0.0,0.0,2014
PJ Cummins,1.0,1.0,4.0,1.0,29.0,1.0,1/29,29.0,7.25,24.0,0.0,0.0,0.0,0.0,2014
BCJ Cutting,1.0,1.0,4.0,0.0,31.0,1.0,1/31,31.0,7.75,24.0,0.0,0.0,1.0,0.0,2014
Q de Kock,7.0,0,0,0,0,0,0,0,0,0,0,0,2.0,0.0,2014
M de Lange,1.0,1.0,4.0,0.0,32.0,2.0,2/32,16.0,8.0,12.0,0.0,0.0,0.0,0.0,2014
AB de Villiers,14.0,0,0,0,0,0,0,0,0,0,0,0,7.0,0.0,2014
R Dhawan,13.0,13.0,47.2,0.0,365.0,13.0,2/14,28.07,7.71,21.8,0.0,0.0,3.0,0.0,2014
S Dhawan,14.0,0,0,0,0,0,0,0,0,0,0,0,5.0,0.0,2014
MS Dhoni,16.0,0,0,0,0,0,0,0,0,0,0,0,3.0,1.0,2014
AB Dinda,9.0,9.0,31.0,0.0,270.0,5.0,1/14,54.0,8.7,37.2,0.0,0.0,0.0,0.0,2014
JP Duminy,14.0,11.0,33.0,0.0,240.0,3.0,2/27,80.0,7.27,66.0,0.0,0.0,2.0,0.0,2014
BR Dunk,3.0,0,0,0,0,0,0,0,0,0,0,0,3.0,0.0,2014
F du Plessis,15.0,0,0,0,0,0,0,0,0,0,0,0,13.0,0.0,2014
JP Faulkner,13.0,13.0,43.0,0.0,419.0,11.0,3/11,38.09,9.74,23.4,0.0,0.0,2.0,0.0,2014
AJ Finch,13.0,0,0,0,0,0,0,0,0,0,0,0,6.0,0.0,2014
G Gambhir,16.0,0,0,0,0,0,0,0,0,0,0,0,3.0,0.0,2014
CM Gautam,9.0,0,0,0,0,0,0,0,0,0,0,0,3.0,3.0,2014
CH Gayle,9.0,0,0,0,0,0,0,0,0,0,0,0,2.0,0.0,2014
S Gopal,4.0,4.0,14.0,0.0,113.0,6.0,2/25,18.83,8.07,14.0,0.0,0.0,1.0,0.0,2014
Harbhajan Singh,14.0,14.0,55.0,1.0,356.0,14.0,2/13,25.42,6.47,23.5,0.0,0.0,3.0,0.0,2014
JW Hastings,1.0,1.0,3.0,0.0,29.0,1.0,1/29,29.0,9.66,18.0,0.0,0.0,0.0,0.0,2014
BE Hendricks,3.0,3.0,12.0,0.0,126.0,4.0,3/36,31.5,10.5,18.0,0.0,0.0,1.0,0.0,2014
MC Henriques,4.0,4.0,10.0,0.0,96.0,4.0,2/26,24.0,9.6,15.0,0.0,0.0,1.0,0.0,2014
BW Hilfenhaus,8.0,8.0,28.0,0.0,246.0,8.0,2/32,30.75,8.78,21.0,0.0,0.0,1.0,0.0,2014
BJ Hodge,4.0,0,0,0,0,0,0,0,0,0,0,0,2.0,0.0,2014
JO Holder,1.0,1.0,3.0,0.0,35.0,1.0,1/35,35.0,11.66,18.0,0.0,0.0,2.0,0.0,2014
DJ Hussey,5.0,1.0,2.5,0.0,38.0,2.0,2/38,19.0,13.41,8.5,0.0,0.0,1.0,0.0,2014
MEK Hussey,9.0,0,0,0,0,0,0,0,0,0,0,0,3.0,0.0,2014
Imran Tahir,6.0,6.0,20.5,0.0,171.0,9.0,3/22,19.0,8.2,13.8,0.0,0.0,0.0,0.0,2014
Iqbal Abdulla,1.0,1.0,2.0,0.0,17.0,0.0,0,0,8.5,0,0.0,0.0,1.0,0.0,2014
RA Jadeja,16.0,16.0,54.2,0.0,443.0,19.0,4/12,23.31,8.15,17.1,2.0,0.0,4.0,0.0,2014
KM Jadhav,10.0,0,0,0,0,0,0,0,0,0,0,0,3.0,0.0,2014
SB Jakati,1.0,1.0,3.4,0.0,41.0,0.0,0,0,11.18,0,0.0,0.0,0.0,0.0,2014
MG Johnson,14.0,14.0,53.3,0.0,444.0,17.0,2/19,26.11,8.29,18.8,0.0,0.0,4.0,0.0,2014
JH Kallis,8.0,8.0,22.0,0.0,186.0,4.0,1/15,46.5,8.45,33.0,0.0,0.0,2.0,0.0,2014
Karanveer Singh,5.0,5.0,20.0,0.0,164.0,11.0,4/54,14.9,8.2,10.9,1.0,0.0,1.0,0.0,2014
KD Karthik,14.0,0,0,0,0,0,0,0,0,0,0,0,7.0,2.0,2014
M Kartik,2.0,2.0,8.0,0.0,91.0,1.0,1/51,91.0,11.37,48.0,0.0,0.0,1.0,0.0,2014
S Kaul,5.0,5.0,13.0,0.0,126.0,2.0,1/5,63.0,9.69,39.0,0.0,0.0,0.0,0.0,2014
Z Khan,6.0,6.0,22.2,0.0,146.0,5.0,2/21,29.2,6.53,26.8,0.0,0.0,0.0,0.0,2014
V Kohli,14.0,0,0,0,0,0,0,0,0,0,0,0,7.0,0.0,2014
DS Kulkarni,8.0,8.0,27.0,1.0,221.0,6.0,2/23,36.83,8.18,27.0,0.0,0.0,2.0,0.0,2014
B Kumar,14.0,14.0,53.1,0.0,354.0,20.0,4/14,17.7,6.65,15.9,1.0,0.0,2.0,0.0,2014
P Kumar,3.0,3.0,12.0,0.0,78.0,3.0,2/31,26.0,6.5,24.0,0.0,0.0,0.0,0.0,2014
CA Lynn,2.0,0,0,0,0,0,0,0,0,0,0,0,2.0,0.0,2014
BB McCullum,14.0,0,0,0,0,0,0,0,0,0,0,0,6.0,0.0,2014
NJ Maddinson,2.0,0,0,0,0,0,0,0,0,0,0,0,1.0,0.0,2014
VS Malik,1.0,1.0,3.0,0.0,29.0,1.0,1/29,29.0,9.66,18.0,0.0,0.0,1.0,0.0,2014
SL Malinga,10.0,10.0,39.1,0.0,253.0,16.0,4/23,15.81,6.45,14.6,1.0,0.0,0.0,0.0,2014
Mandeep Singh,3.0,0,0,0,0,0,0,0,0,0,0,0,1.0,0.0,2014
M Manhas,12.0,0,0,0,0,0,0,0,0,0,0,0,3.0,0.0,2014
SE Marsh,2.0,0,0,0,0,0,0,0,0,0,0,0,2.0,0.0,2014
GJ Maxwell,16.0,7.0,11.0,0.0,132.0,1.0,1/21,132.0,12.0,66.0,0.0,0.0,9.0,0.0,2014
DA Miller,16.0,0,0,0,0,0,0,0,0,0,0,0,14.0,0.0,2014
A Mishra,10.0,10.0,37.3,0.0,340.0,7.0,2/23,48.57,9.06,32.1,0.0,0.0,0.0,0.0,2014
Mohammed Shami,12.0,12.0,44.0,0.0,369.0,7.0,1/22,52.71,8.38,37.7,0.0,0.0,0.0,0.0,2014
JA Morkel,7.0,6.0,16.0,0.0,126.0,4.0,1/18,31.5,7.87,24.0,0.0,0.0,2.0,0.0,2014
M Morkel,12.0,12.0,48.0,1.0,367.0,12.0,2/20,30.58,7.64,24.0,0.0,0.0,6.0,0.0,2014
M Muralitharan,5.0,5.0,16.0,0.0,124.0,3.0,2/25,41.33,7.75,32.0,0.0,0.0,0.0,0.0,2014
S Nadeem,11.0,11.0,38.0,0.0,311.0,8.0,2/35,38.87,8.18,28.5,0.0,0.0,0.0,0.0,2014
KK Nair,11.0,0,0,0,0,0,0,0,0,0,0,0,4.0,0.0,2014
SP Narine,16.0,16.0,64.0,0.0,407.0,21.0,4/20,19.38,6.35,18.2,2.0,0.0,2.0,0.0,2014
AM Nayar,5.0,0,0,0,0,0,0,0,0,0,0,0,1.0,0.0,2014
JDS Neesham,4.0,4.0,9.0,0.0,91.0,1.0,1/29,91.0,10.11,54.0,0.0,0.0,0.0,0.0,2014
P Negi,2.0,2.0,7.0,0.0,75.0,0.0,0,0,10.71,0,0.0,0.0,1.0,0.0,2014
A Nehra,4.0,4.0,15.0,0.0,142.0,8.0,3/33,17.75,9.46,11.2,0.0,0.0,0.0,0.0,2014
NV Ojha,11.0,0,0,0,0,0,0,0,0,0,0,0,6.0,1.0,2014
PP Ojha,12.0,12.0,46.0,1.0,380.0,4.0,2/30,95.0,8.26,69.0,0.0,0.0,0.0,0.0,2014
IC Pandey,13.0,12.0,42.0,2.0,318.0,6.0,2/23,53.0,7.57,42.0,0.0,0.0,4.0,0.0,2014
MK Pandey,16.0,0,0,0,0,0,0,0,0,0,0,0,3.0,0.0,2014
WD Parnell,8.0,8.0,30.1,0.0,223.0,6.0,2/21,37.16,7.39,30.1,0.0,0.0,2.0,0.0,2014
Parvez Rasool,3.0,3.0,9.0,0.0,83.0,1.0,1/26,83.0,9.22,54.0,0.0,0.0,1.0,0.0,2014
AR Patel,17.0,17.0,66.0,2.0,405.0,17.0,3/24,23.82,6.13,23.2,0.0,0.0,7.0,0.0,2014
HV Patel,3.0,3.0,11.0,0.0,113.0,4.0,2/56,28.25,10.27,16.5,0.0,0.0,0.0,0.0,2014
PA Patel,12.0,0,0,0,0,0,0,0,0,0,0,0,11.0,1.0,2014
IK Pathan,10.0,10.0,23.4,0.0,205.0,4.0,2/10,51.25,8.66,35.5,0.0,0.0,2.0,0.0,2014
YK Pathan,15.0,1.0,1.0,0.0,10.0,0.0,0,0,10.0,0,0.0,0.0,5.0,0.0,2014
KP Pietersen,11.0,0,0,0,0,0,0,0,0,0,0,0,2.0,0.0,2014
KA Pollard,15.0,12.0,25.0,0.0,262.0,2.0,1/33,131.0,10.48,75.0,0.0,0.0,7.0,0.0,2014
CA Pujara,6.0,0,0,0,0,0,0,0,0,0,0,0,0.0,0.0,2014
AM Rahane,13.0,0,0,0,0,0,0,0,0,0,0,0,6.0,0.0,2014
KL Rahul,11.0,0,0,0,0,0,0,0,0,0,0,0,4.0,0.0,2014
SK Raina,16.0,8.0,18.0,0.0,134.0,1.0,1/17,134.0,7.44,108.0,0.0,0.0,12.0,0.0,2014
R Rampaul,2.0,2.0,6.0,0.0,37.0,1.0,1/21,37.0,6.16,36.0,0.0,0.0,0.0,0.0,2014
S Rana,9.0,2.0,2.0,0.0,16.0,0.0,0,0,8.0,0,0.0,0.0,3.0,0.0,2014
AT Rayudu,15.0,0,0,0,0,0,0,0,0,0,0,0,6.0,0.0,2014
KW Richardson,7.0,7.0,27.0,0.0,206.0,9.0,2/18,22.88,7.62,18.0,0.0,0.0,3.0,0.0,2014
RR Rossouw,3.0,0,0,0,0,0,0,0,0,0,0,0,0.0,0.0,2014
AD Russell,2.0,2.0,5.0,0.0,52.0,1.0,1/25,52.0,10.4,30.0,0.0,0.0,0.0,0.0,2014
WP Saha,17.0,0,0,0,0,0,0,0,0,0,0,0,8.0,4.0,2014
DJG Sammy,10.0,8.0,14.0,0.0,157.0,3.0,1/20,52.33,11.21,28.0,0.0,0.0,5.0,0.0,2014
SV Samson,13.0,0,0,0,0,0,0,0,0,0,0,0,5.0,2.0,2014
Sandeep Sharma,11.0,11.0,40.1,2.0,354.0,18.0,3/15,19.66,8.81,13.3,0.0,0.0,1.0,0.0,2014
K Santokie,2.0,2.0,8.0,0.0,90.0,3.0,2/50,30.0,11.25,16.0,0.0,0.0,1.0,0.0,2014
V Sehwag,17.0,0,0,0,0,0,0,0,0,0,0,0,5.0,0.0,2014
V Shankar,1.0,1.0,1.0,0.0,19.0,0.0,0,0,19.0,0,0.0,0.0,0.0,0.0,2014
Shakib Al Hasan,13.0,13.0,50.0,1.0,334.0,11.0,2/22,30.36,6.68,27.2,0.0,0.0,3.0,0.0,2014
I Sharma,3.0,3.0,11.0,0.0,101.0,3.0,2/37,33.66,9.18,22.0,0.0,0.0,0.0,0.0,2014
KV Sharma,14.0,14.0,50.4,0.0,376.0,15.0,4/38,25.06,7.42,20.2,1.0,0.0,0.0,0.0,2014
MM Sharma,16.0,16.0,53.5,0.0,452.0,23.0,4/14,19.65,8.39,14.0,1.0,0.0,3.0,0.0,2014
R Sharma,2.0,2.0,6.0,0.0,65.0,1.0,1/33,65.0,10.83,36.0,0.0,0.0,0.0,0.0,2014
RG Sharma,15.0,2.0,3.0,0.0,26.0,1.0,1/20,26.0,8.66,18.0,0.0,0.0,5.0,0.0,2014
Shivam Sharma,4.0,4.0,16.0,0.0,121.0,3.0,2/26,40.33,7.56,32.0,0.0,0.0,1.0,0.0,2014
LR Shukla,5.0,5.0,9.2,0.0,83.0,1.0,1/31,83.0,8.89,56.0,0.0,0.0,1.0,0.0,2014
R Shukla,3.0,3.0,9.0,0.0,98.0,2.0,1/13,49.0,10.88,27.0,0.0,0.0,1.0,0.0,2014
LMP Simmons,8.0,1.0,3.0,0.0,34.0,1.0,1/34,34.0,11.33,18.0,0.0,0.0,2.0,0.0,2014
DR Smith,16.0,5.0,10.0,0.0,95.0,4.0,1/11,23.75,9.5,15.0,0.0,0.0,5.0,0.0,2014
SPD Smith,10.0,0,0,0,0,0,0,0,0,0,0,0,9.0,0.0,2014
TG Southee,3.0,3.0,10.0,0.0,76.0,0.0,0,0,7.6,0,0.0,0.0,2.0,0.0,2014
MA Starc,14.0,14.0,53.4,0.0,402.0,14.0,2/21,28.71,7.49,23.0,0.0,0.0,9.0,0.0,2014
DW Steyn,14.0,14.0,56.0,0.0,431.0,11.0,2/20,39.18,7.69,30.5,0.0,0.0,7.0,0.0,2014
P Suyal,1.0,1.0,3.0,0.0,35.0,1.0,1/35,35.0,11.66,18.0,0.0,0.0,0.0,0.0,2014
YV Takawale,5.0,0,0,0,0,0,0,0,0,0,0,0,2.0,1.0,2014
PV Tambe,13.0,13.0,49.0,0.0,356.0,15.0,4/20,23.73,7.26,19.6,1.0,0.0,2.0,0.0,2014
AP Tare,15.0,0,0,0,0,0,0,0,0,0,0,0,0.0,3.0,2014
LRPL Taylor,4.0,0,0,0,0,0,0,0,0,0,0,0,2.0,0.0,2014
RN ten Doeschate,10.0,4.0,5.0,0.0,35.0,1.0,1/7,35.0,7.0,30.0,0.0,0.0,3.0,0.0,2014
R Tewatia,3.0,3.0,9.0,0.0,59.0,2.0,1/17,29.5,6.55,27.0,0.0,0.0,0.0,0.0,2014
MK Tiwary,8.0,1.0,2.0,0.0,28.0,0.0,0,0,14.0,0,0.0,0.0,1.0,0.0,2014
JD Unadkat,9.0,9.0,31.1,0.0,270.0,9.0,3/32,30.0,8.66,20.7,0.0,0.0,0.0,0.0,2014
RV Uthappa,16.0,0,0,0,0,0,0,0,0,0,0,0,1.0,7.0,2014
Y Venugopal Rao,7.0,2.0,2.0,0.0,16.0,0.0,0,0,8.0,0,0.0,0.0,2.0,0.0,2014
M Vijay,11.0,1.0,1.0,0.0,13.0,0.0,0,0,13.0,0,0.0,0.0,8.0,0.0,2014
R Vinay Kumar,9.0,9.0,32.0,0.0,281.0,7.0,2/26,40.14,8.78,27.4,0.0,0.0,1.0,0.0,2014
M Vohra,8.0,0,0,0,0,0,0,0,0,0,0,0,3.0,0.0,2014
DA Warner,14.0,0,0,0,0,0,0,0,0,0,0,0,8.0,0.0,2014
SR Watson,13.0,9.0,21.0,1.0,165.0,7.0,3/13,23.57,7.85,18.0,0.0,0.0,3.0,0.0,2014
SA Yadav,16.0,1.0,1.0,0.0,8.0,0.0,0,0,8.0,0,0.0,0.0,7.0,0.0,2014
UT Yadav,12.0,12.0,45.0,0.0,367.0,11.0,3/13,33.36,8.15,24.5,0.0,0.0,2.0,0.0,2014
DH Yagnik,1.0,0,0,0,0,0,0,0,0,0,0,0,1.0,0.0,2014
Yuvraj Singh,14.0,10.0,22.4,0.0,187.0,5.0,4/35,37.4,8.25,27.2,1.0,0.0,4.0,0.0,2014
VH Zol,3.0,0,0,0,0,0,0,0,0,0,0,0,0.0,0.0,2014